Date,Open,High,Low,Close,Adj Close,Volume,3day_before_change
2015-08-05,13.060000,13.310000,10.400000,10.770000,10.770000,14096900,-
2015-08-06,11.000000,11.200000,8.230000,8.770000,8.770000,3570400,-
2015-08-07,9.190000,10.200000,8.770000,10.140000,10.140000,1623800,-
2015-08-10,10.730000,10.730000,10.000000,10.120000,10.120000,435900,0.998028
2015-08-11,10.000000,10.030000,9.500000,9.790000,9.790000,349700,-
2015-08-12,9.680000,10.400000,9.653000,10.350000,10.350000,498200,-
2015-08-13,10.070000,10.338000,10.050000,10.120000,10.120000,397500,1.0
2015-08-14,10.010000,10.170000,9.730000,10.040000,10.040000,410600,1.025536
2015-08-17,10.040000,10.260000,9.960000,10.130000,10.130000,346000,1.008964
2015-08-18,10.000000,10.340000,10.000000,10.240000,10.240000,277700,-
2015-08-19,10.300000,11.030000,10.173000,10.730000,10.730000,573000,-
2015-08-20,10.550000,10.740000,10.000000,10.520000,10.520000,321400,1.0385
2015-08-21,10.200000,10.560000,9.810000,9.900000,9.900000,394900,0.966797
2015-08-24,9.390000,9.390000,8.500000,9.160000,9.160000,1052300,0.925253
2015-08-25,9.680000,10.210000,9.650000,9.900000,9.900000,834000,-
2015-08-26,10.030000,10.800000,9.990000,10.780000,10.780000,791000,-
2015-08-27,10.910000,11.140000,10.830000,11.000000,11.000000,569400,1.200873
2015-08-28,11.180000,11.850000,10.950000,11.620000,11.620000,450500,1.173737
2015-08-31,11.860000,12.240000,11.400000,11.880000,11.880000,617300,1.022375
2015-09-01,11.490000,12.000000,11.250000,11.860000,11.860000,745700,-
2015-09-02,12.000000,12.150000,10.500000,11.590000,11.590000,510100,-
2015-09-03,11.480000,11.900000,11.100000,11.640000,11.640000,219800,0.979798
2015-09-04,11.560000,11.630000,11.030000,11.560000,11.560000,171500,0.974705
2015-09-08,12.000000,12.000000,10.910000,11.550000,11.550000,709000,-
2015-09-09,11.750000,11.900000,11.150000,11.390000,11.390000,334800,-
2015-09-10,11.440000,11.870000,11.440000,11.690000,11.690000,368600,-
2015-09-11,11.500000,11.690000,11.250000,11.500000,11.500000,427300,0.995671
2015-09-14,11.410000,11.510000,10.940000,11.250000,11.250000,405500,0.978261
2015-09-15,11.180000,11.495000,11.000000,11.490000,11.490000,346700,-
2015-09-16,11.400000,11.500000,11.000000,11.310000,11.310000,323100,-
2015-09-17,11.240000,11.640000,11.240000,11.400000,11.400000,314400,1.013333
2015-09-18,11.300000,11.900000,11.110000,11.580000,11.580000,1343300,1.007833
2015-09-21,11.690000,11.900000,11.330000,11.740000,11.740000,299600,1.013817
2015-09-22,11.600000,11.900000,11.250000,11.390000,11.390000,432000,-
2015-09-23,11.750000,11.750000,10.970000,11.010000,11.010000,287000,-
2015-09-24,10.880000,11.000000,10.740000,10.810000,10.810000,268600,0.920784
2015-09-25,10.880000,11.320000,10.790000,11.130000,11.130000,351600,0.977173
2015-09-28,11.040000,11.340000,10.010000,10.060000,10.060000,590300,0.903863
2015-09-29,10.140000,10.430000,9.530000,9.810000,9.810000,1040800,-
2015-09-30,9.900000,10.740000,9.710000,10.370000,10.370000,3454500,-
2015-10-01,10.380000,11.080000,9.980000,10.300000,10.300000,491900,1.023857
2015-10-02,10.130000,10.690000,9.940000,10.510000,10.510000,288300,1.071356
2015-10-05,10.710000,10.970000,10.510000,10.660000,10.660000,290300,1.014272
2015-10-06,10.650000,11.230000,10.640000,11.050000,11.050000,337200,-
2015-10-07,11.080000,11.470000,10.570000,11.190000,11.190000,448100,-
2015-10-08,11.290000,11.410000,11.000000,11.390000,11.390000,137900,1.06848
2015-10-09,11.420000,11.600000,11.220000,11.260000,11.260000,183600,1.019005
2015-10-12,11.310000,11.310000,10.750000,10.780000,10.780000,144300,0.957371
2015-10-13,10.670000,10.930000,10.580000,10.690000,10.690000,156700,-
2015-10-14,10.650000,10.960000,10.540000,10.740000,10.740000,196300,-
2015-10-15,10.850000,11.000000,10.360000,10.600000,10.600000,265800,0.983302
2015-10-16,10.680000,10.700000,10.310000,10.340000,10.340000,157900,0.967259
2015-10-19,10.280000,10.340000,9.650000,9.810000,9.810000,338400,0.948743
2015-10-20,9.810000,9.850000,9.480000,9.500000,9.500000,219400,-
2015-10-21,9.500000,9.570000,8.520000,8.940000,8.940000,597300,-
2015-10-22,9.030000,9.190000,8.810000,8.900000,8.900000,605400,0.907238
2015-10-23,8.840000,9.340000,8.834000,9.080000,9.080000,398500,0.955789
2015-10-26,9.030000,9.230000,8.900000,9.210000,9.210000,168800,1.014317
2015-10-27,9.130000,9.400000,8.890000,9.040000,9.040000,260300,-
2015-10-28,9.050000,9.435000,9.050000,9.420000,9.420000,208100,-
2015-10-29,9.220000,9.390000,8.880000,8.910000,8.910000,214300,0.967427
2015-10-30,8.810000,8.830000,7.000000,7.410000,7.410000,2015100,0.81969
2015-11-02,7.370000,7.580000,7.110000,7.360000,7.360000,603200,0.993252
2015-11-03,7.370000,7.700000,7.190000,7.520000,7.520000,851700,-
2015-11-04,7.680000,7.920000,7.500000,7.710000,7.710000,754300,-
2015-11-05,7.800000,8.110000,7.720000,8.070000,8.070000,307600,1.096467
2015-11-06,8.020000,8.100000,7.570000,7.820000,7.820000,293600,1.039894
2015-11-09,8.290000,8.290000,7.550000,7.730000,7.730000,199000,0.988491
2015-11-10,7.670000,7.930000,7.250000,7.270000,7.270000,394700,-
2015-11-11,7.240000,7.450000,6.870000,6.990000,6.990000,536300,-
2015-11-12,6.990000,6.990000,6.360000,6.580000,6.580000,505400,0.851229
2015-11-13,6.390000,7.930000,6.390000,7.310000,7.310000,989200,1.005502
2015-11-16,7.400000,7.400000,6.840000,7.000000,7.000000,624100,0.957592
2015-11-17,7.040000,7.250000,6.510000,6.720000,6.720000,1087700,-
2015-11-18,6.800000,7.010000,6.360000,6.550000,6.550000,561600,-
2015-11-19,6.510000,6.784000,6.450000,6.500000,6.500000,363900,0.928571
2015-11-20,6.590000,6.740000,6.510000,6.670000,6.670000,366600,0.99256
2015-11-23,6.620000,6.959000,6.560000,6.600000,6.600000,384600,0.989505
2015-11-24,6.590000,6.820000,6.590000,6.740000,6.740000,476400,-
2015-11-25,6.700000,6.840000,6.600000,6.750000,6.750000,476000,-
2015-11-27,6.810000,7.410000,6.810000,7.220000,7.220000,445700,1.071217
2015-11-30,7.230000,7.285000,6.610000,6.650000,6.650000,557300,0.921053
2015-12-01,6.700000,7.140000,6.530000,7.050000,7.050000,351600,-
2015-12-02,7.050000,7.460000,6.913000,7.390000,7.390000,620900,-
2015-12-03,7.520000,8.350000,7.520000,7.950000,7.950000,1041500,1.195489
2015-12-04,7.950000,8.035000,7.660000,7.850000,7.850000,436100,1.113475
2015-12-07,7.790000,8.370000,7.735000,7.910000,7.910000,439800,1.007643
2015-12-08,8.110000,8.110000,7.625000,7.770000,7.770000,388900,-
2015-12-09,7.790000,8.035000,7.548000,7.710000,7.710000,333600,-
2015-12-10,7.600000,7.830000,7.560000,7.570000,7.570000,364800,0.957016
2015-12-11,7.460000,8.020000,7.460000,7.860000,7.860000,450900,1.011583
2015-12-14,7.950000,9.380000,7.830000,9.100000,9.100000,940800,1.157761
2015-12-15,9.260000,11.290000,9.160000,9.490000,9.490000,2054200,-
2015-12-16,11.170000,12.170000,10.890000,11.630000,11.630000,3501200,-
2015-12-17,12.850000,13.300000,11.790000,12.710000,12.710000,3608200,1.396703
2015-12-18,12.450000,13.950000,11.950000,13.740000,13.740000,3045300,1.44784
2015-12-21,14.150000,14.950000,13.130000,13.400000,13.400000,3150800,0.975255
2015-12-22,13.450000,13.650000,11.410000,11.600000,11.600000,2507000,-
2015-12-23,11.950000,12.360000,11.550000,11.880000,11.880000,1104200,-
2015-12-24,11.690000,12.470000,11.600000,12.190000,12.190000,385000,0.909701
2015-12-28,12.110000,12.380000,11.600000,11.670000,11.670000,637500,-
2015-12-29,11.790000,12.050000,11.070000,11.700000,11.700000,626600,-
2015-12-30,11.650000,12.070000,11.450000,11.720000,11.720000,317100,-
2015-12-31,11.760000,11.950000,11.640000,11.770000,11.770000,319100,1.008569
2016-01-04,11.270000,11.490000,11.080000,11.210000,11.210000,576800,-
2016-01-05,10.880000,11.000000,9.420000,9.610000,9.610000,1947000,-
2016-01-06,9.270000,10.380000,9.078000,10.200000,10.200000,3534100,-
2016-01-07,9.800000,9.970000,9.160000,9.210000,9.210000,1694700,0.821588
2016-01-08,9.350000,9.950000,9.250000,9.750000,9.750000,552500,1.014568
2016-01-11,9.650000,9.700000,9.080000,9.310000,9.310000,577600,0.954872
2016-01-12,9.350000,9.500000,8.400000,8.670000,8.670000,598600,-
2016-01-13,8.600000,8.760000,8.032000,8.250000,8.250000,796500,-
2016-01-14,8.080000,8.550000,7.780000,8.000000,8.000000,1156400,0.859291
2016-01-15,7.750000,7.900000,7.260000,7.750000,7.750000,903100,0.893887
2016-01-19,7.830000,7.890000,7.300000,7.400000,7.400000,743500,-
2016-01-20,7.250000,9.205000,6.940000,8.540000,8.540000,1686000,-
2016-01-21,8.620000,9.070000,8.455000,8.970000,8.970000,1195800,-
2016-01-22,9.370000,9.700000,8.530000,8.790000,8.790000,1037100,1.187838
2016-01-25,8.780000,8.850000,8.140000,8.410000,8.410000,600000,0.956769
2016-01-26,8.480000,9.080000,8.200000,8.730000,8.730000,712900,-
2016-01-27,8.650000,8.730000,8.220000,8.340000,8.340000,579400,-
2016-01-28,8.430000,10.190000,8.430000,10.050000,10.050000,1066300,1.195006
2016-01-29,10.150000,10.169000,9.400000,9.520000,9.520000,859800,1.090493
2016-02-01,9.620000,9.620000,8.630000,8.940000,8.940000,776800,0.939076
2016-02-02,8.830000,8.830000,8.160000,8.340000,8.340000,534000,-
2016-02-03,8.440000,8.570000,7.830000,8.100000,8.100000,435200,-
2016-02-04,8.200000,8.300000,7.820000,8.050000,8.050000,520000,0.900447
2016-02-05,8.050000,8.140000,7.774000,7.960000,7.960000,600100,0.954436
2016-02-08,7.870000,7.940000,7.370000,7.600000,7.600000,538400,0.954774
2016-02-09,7.510000,7.580000,6.870000,7.200000,7.200000,658700,-
2016-02-10,6.380000,6.790000,5.920000,6.070000,6.070000,2068300,-
2016-02-11,5.600000,5.820000,4.995000,5.080000,5.080000,1419200,0.668421
2016-02-12,5.310000,5.520000,5.000000,5.040000,5.040000,1302000,0.7
2016-02-16,5.060000,5.720000,4.855000,4.960000,4.960000,1485500,-
2016-02-17,5.040000,5.970000,5.020000,5.330000,5.330000,1618400,-
2016-02-18,5.450000,5.935000,5.240000,5.630000,5.630000,1167400,-
2016-02-19,5.570000,5.720000,5.220000,5.410000,5.410000,954100,1.090726
2016-02-22,5.500000,5.690000,5.030000,5.060000,5.060000,634900,0.935305
2016-02-23,5.080000,5.270000,4.970000,5.160000,5.160000,694900,-
2016-02-24,5.090000,5.260000,4.900000,5.060000,5.060000,644500,-
2016-02-25,5.080000,5.470000,5.080000,5.300000,5.300000,463100,1.047431
2016-02-26,5.370000,5.650000,5.330000,5.510000,5.510000,500200,1.067829
2016-02-29,5.590000,5.830000,5.500000,5.620000,5.620000,671200,1.019964
2016-03-01,5.670000,5.850000,5.130000,5.470000,5.470000,1059400,-
2016-03-02,5.490000,6.600000,5.360000,6.100000,6.100000,1695400,-
2016-03-03,6.040000,6.600000,6.000000,6.400000,6.400000,1337900,1.13879
2016-03-04,6.500000,6.750000,6.120000,6.210000,6.210000,1447300,1.135283
2016-03-07,6.220000,6.840000,6.200000,6.600000,6.600000,1491100,1.062802
2016-03-08,6.660000,6.780000,6.530000,6.680000,6.680000,638500,-
2016-03-09,6.740000,6.870000,6.250000,6.650000,6.650000,977900,-
2016-03-10,6.870000,7.240000,6.700000,7.150000,7.150000,1567600,1.083333
2016-03-11,6.160000,6.560000,6.010000,6.355000,6.355000,3284400,0.951347
2016-03-14,6.380000,6.790000,6.150000,6.360000,6.360000,1475100,1.000787
2016-03-15,6.260000,6.465000,6.200000,6.310000,6.310000,742200,-
2016-03-16,6.230000,6.660000,6.210000,6.630000,6.630000,582700,-
2016-03-17,6.650000,6.950000,6.617000,6.895000,6.895000,603800,1.084119
2016-03-18,6.990000,7.080000,6.620000,6.690000,6.690000,3078600,1.060222
2016-03-21,6.890000,6.890000,6.540000,6.720000,6.720000,647500,1.004484
2016-03-22,6.730000,6.768000,6.500000,6.570000,6.570000,729300,-
2016-03-23,6.510000,6.590000,6.180000,6.360000,6.360000,1044500,-
2016-03-24,6.130000,6.330000,6.000000,6.240000,6.240000,828300,0.928571
2016-03-28,6.310000,6.510000,6.210000,6.470000,6.470000,717800,-
2016-03-29,6.410000,6.550000,6.240000,6.400000,6.400000,839500,-
2016-03-30,6.420000,6.600000,6.420000,6.470000,6.470000,872000,-
2016-03-31,6.480000,6.540000,6.250000,6.480000,6.480000,702400,1.001546
2016-04-01,6.370000,6.530000,6.290000,6.440000,6.440000,546700,1.00625
2016-04-04,6.470000,6.530000,6.280000,6.300000,6.300000,816300,0.978261
2016-04-05,6.300000,6.600000,6.190000,6.570000,6.570000,882600,-
2016-04-06,6.600000,7.000000,6.565000,6.965000,6.965000,820300,-
2016-04-07,6.970000,7.180000,6.630000,6.780000,6.780000,835000,1.07619
2016-04-08,6.900000,6.980000,6.660000,6.750000,6.750000,997700,1.027397
2016-04-11,6.690000,6.890000,6.650000,6.740000,6.740000,711700,0.998519
2016-04-12,6.720000,6.885000,6.655000,6.740000,6.740000,365500,-
2016-04-13,6.680000,6.900000,6.680000,6.870000,6.870000,325900,-
2016-04-14,6.830000,7.367000,6.830000,7.150000,7.150000,645400,1.060831
2016-04-15,7.100000,7.270000,6.970000,7.040000,7.040000,411600,1.04451
2016-04-18,6.990000,7.180000,6.870000,7.090000,7.090000,946100,1.007102
2016-04-19,7.150000,7.230000,6.990000,7.020000,7.020000,1297200,-
2016-04-20,6.990000,7.380000,6.960000,7.270000,7.270000,668600,-
2016-04-21,7.300000,7.900000,7.260000,7.760000,7.760000,984700,1.094499
2016-04-22,7.820000,8.040000,7.710000,7.910000,7.910000,1106300,1.126781
2016-04-25,7.900000,8.020000,7.550000,7.600000,7.600000,444900,0.960809
2016-04-26,7.560000,7.760000,7.400000,7.700000,7.700000,321400,-
2016-04-27,7.720000,8.410000,7.605000,8.390000,8.390000,825600,-
2016-04-28,8.250000,8.450000,7.965000,8.020000,8.020000,704900,1.055263
2016-04-29,8.020000,8.020000,7.689000,7.880000,7.880000,473300,1.023377
2016-05-02,7.830000,8.080000,7.490000,7.970000,7.970000,1208100,1.011421
2016-05-03,7.930000,8.080000,7.531000,7.590000,7.590000,580600,-
2016-05-04,7.640000,7.910000,7.440000,7.470000,7.470000,1051100,-
2016-05-05,7.520000,7.770000,7.210000,7.270000,7.270000,1170100,0.912171
2016-05-06,7.250000,7.540000,7.190000,7.500000,7.500000,498500,0.988142
2016-05-09,7.520000,7.550000,7.160000,7.390000,7.390000,611200,0.985333
2016-05-10,7.070000,7.200000,6.300000,6.370000,6.370000,1710800,-
2016-05-11,6.360000,6.650000,6.350000,6.370000,6.370000,682500,-
2016-05-12,6.390000,6.530000,6.090000,6.150000,6.150000,664400,0.832206
2016-05-13,7.170000,7.170000,6.400000,6.610000,6.610000,3046200,1.037677
2016-05-16,6.340000,6.460000,5.890000,6.350000,6.350000,3101700,0.960666
2016-05-17,6.100000,6.340000,5.800000,6.020000,6.020000,3680400,-
2016-05-18,5.980000,6.180000,5.830000,6.040000,6.040000,1458700,-
2016-05-19,6.000000,6.150000,5.920000,6.080000,6.080000,950900,0.95748
2016-05-20,6.070000,6.150000,5.980000,6.110000,6.110000,795000,1.01495
2016-05-23,6.060000,6.450000,6.000000,6.350000,6.350000,930900,1.03928
2016-05-24,6.390000,6.490000,6.220000,6.340000,6.340000,668100,-
2016-05-25,6.340000,6.370000,6.230000,6.290000,6.290000,863900,-
2016-05-26,6.300000,6.440000,6.260000,6.360000,6.360000,386200,1.001575
2016-05-27,6.410000,6.680000,6.302000,6.410000,6.410000,1339500,1.011041
2016-05-31,6.370000,6.600000,6.220000,6.340000,6.340000,1146900,-
2016-06-01,6.290000,6.290000,6.150000,6.240000,6.240000,580400,-
2016-06-02,6.230000,6.310000,6.150000,6.310000,6.310000,388800,-
2016-06-03,6.300000,6.310000,6.020000,6.070000,6.070000,568400,0.957413
2016-06-06,6.100000,6.535000,6.100000,6.440000,6.440000,775700,1.060956
2016-06-07,6.380000,6.460000,6.250000,6.430000,6.430000,816700,-
2016-06-08,6.470000,6.590000,6.440000,6.520000,6.520000,743800,-
2016-06-09,6.490000,6.590000,6.390000,6.430000,6.430000,405900,0.998447
2016-06-10,6.400000,6.510000,6.240000,6.300000,6.300000,831100,0.979782
2016-06-13,6.260000,6.410000,5.915000,6.060000,6.060000,1096300,0.961905
2016-06-14,5.930000,6.190000,5.860000,5.910000,5.910000,1169200,-
2016-06-15,5.880000,6.250000,5.830000,6.010000,6.010000,608200,-
2016-06-16,5.970000,6.110000,5.900000,6.030000,6.030000,637500,0.99505
2016-06-17,6.060000,6.340000,5.980000,6.020000,6.020000,1084000,1.018613
2016-06-20,6.000000,6.330000,6.000000,6.180000,6.180000,643400,1.026578
2016-06-21,6.300000,6.300000,6.020000,6.230000,6.230000,758700,-
2016-06-22,6.340000,6.380000,5.830000,5.900000,5.900000,984300,-
2016-06-23,5.880000,6.060000,5.720000,5.890000,5.890000,1192000,0.953074
2016-06-24,5.600000,5.730000,5.270000,5.590000,5.590000,5804200,0.897271
2016-06-27,5.530000,5.590000,5.110000,5.220000,5.220000,1572400,0.93381
2016-06-28,5.280000,5.500000,5.240000,5.490000,5.490000,869800,-
2016-06-29,5.540000,5.670000,5.430000,5.650000,5.650000,708200,-
2016-06-30,5.650000,5.950000,5.622000,5.930000,5.930000,717100,1.136015
2016-07-01,5.880000,5.880000,5.160000,5.440000,5.440000,1900400,0.990893
2016-07-05,5.400000,5.435000,5.070000,5.140000,5.140000,763500,-
2016-07-06,5.090000,5.170000,4.940000,5.100000,5.100000,948500,-
2016-07-07,5.130000,5.300000,5.010000,5.140000,5.140000,786200,-
2016-07-08,5.190000,5.240000,5.060000,5.080000,5.080000,527600,0.988327
2016-07-11,5.110000,5.200000,4.900000,5.090000,5.090000,844600,1.001969
2016-07-12,5.170000,5.280000,4.990000,5.250000,5.250000,956800,-
2016-07-13,5.250000,5.290000,5.050000,5.120000,5.120000,616700,-
2016-07-14,5.180000,5.205000,5.063000,5.130000,5.130000,681800,1.007859
2016-07-15,5.170000,5.200000,4.970000,5.070000,5.070000,807700,0.965714
2016-07-18,5.080000,5.270000,4.990000,5.210000,5.210000,682800,1.027613
2016-07-19,5.210000,5.300000,5.070000,5.150000,5.150000,472800,-
2016-07-20,5.160000,5.300000,5.150000,5.270000,5.270000,639700,-
2016-07-21,5.230000,5.320000,5.084000,5.120000,5.120000,565600,0.982726
2016-07-22,5.120000,5.150000,5.050000,5.130000,5.130000,328200,0.996117
2016-07-25,5.140000,5.190000,5.080000,5.080000,5.080000,384400,0.990253
2016-07-26,5.050000,5.240000,5.050000,5.080000,5.080000,843700,-
2016-07-27,5.060000,5.275000,5.060000,5.260000,5.260000,768600,-
2016-07-28,5.210000,5.250000,5.080000,5.110000,5.110000,605400,1.005906
2016-07-29,5.090000,5.210000,5.000000,5.180000,5.180000,885200,1.019685
2016-08-01,5.180000,5.180000,5.000000,5.070000,5.070000,1041600,0.978764
2016-08-02,5.100000,5.150000,4.970000,5.000000,5.000000,801200,-
2016-08-03,4.980000,5.065000,4.920000,4.940000,4.940000,815000,-
2016-08-04,4.950000,5.030000,4.900000,4.960000,4.960000,855600,0.978304
2016-08-05,4.920000,5.205000,4.900000,5.190000,5.190000,785800,1.038
2016-08-08,5.230000,5.580000,5.230000,5.560000,5.560000,1020300,1.071291
2016-08-09,5.570000,5.690000,5.450000,5.500000,5.500000,663000,-
2016-08-10,5.460000,5.470000,5.190000,5.220000,5.220000,887200,-
2016-08-11,5.280000,5.480000,5.150000,5.410000,5.410000,1751400,0.973022
2016-08-12,6.390000,6.900000,5.980000,6.230000,6.230000,7569100,1.132727
2016-08-15,6.210000,6.280000,5.930000,6.210000,6.210000,1978500,0.99679
2016-08-16,6.200000,6.200000,5.910000,6.090000,6.090000,1956600,-
2016-08-17,6.090000,6.090000,5.830000,5.950000,5.950000,1185200,-
2016-08-18,6.030000,6.180000,5.960000,6.030000,6.030000,949200,0.971014
2016-08-19,6.030000,6.040000,5.950000,5.980000,5.980000,647500,0.981938
2016-08-22,5.930000,6.020000,5.860000,6.000000,6.000000,425200,1.003344
2016-08-23,6.010000,6.125000,5.950000,6.100000,6.100000,737100,-
2016-08-24,6.110000,6.170000,5.990000,5.990000,5.990000,603300,-
2016-08-25,5.990000,6.080000,5.910000,6.000000,6.000000,832900,1.0
2016-08-26,5.990000,6.180000,5.900000,5.950000,5.950000,747400,0.97541
2016-08-29,5.970000,6.095000,5.940000,6.000000,6.000000,514100,1.008403
2016-08-30,6.000000,6.150000,5.990000,6.010000,6.010000,497400,-
2016-08-31,6.030000,6.090000,5.950000,6.080000,6.080000,682800,-
2016-09-01,6.100000,6.150000,5.910000,6.060000,6.060000,676400,1.01
2016-09-02,6.100000,6.180000,6.030000,6.120000,6.120000,537300,1.018303
2016-09-06,6.110000,6.230000,6.060000,6.220000,6.220000,945400,-
2016-09-07,6.190000,6.230000,6.070000,6.110000,6.110000,766500,-
2016-09-08,6.300000,6.300000,6.120000,6.190000,6.190000,964500,-
2016-09-09,6.130000,6.190000,5.975000,6.060000,6.060000,898300,0.974277
2016-09-12,6.020000,6.200000,5.950000,6.100000,6.100000,581400,1.006601
2016-09-13,6.020000,6.020000,5.540000,5.660000,5.660000,1669800,-
2016-09-14,5.620000,5.830000,5.475000,5.540000,5.540000,1521300,-
2016-09-15,5.560000,5.630000,5.410000,5.520000,5.520000,1289100,0.904918
2016-09-16,5.470000,5.575000,5.250000,5.380000,5.380000,2725000,0.95053
2016-09-19,5.380000,5.480000,5.350000,5.420000,5.420000,733300,1.007435
2016-09-20,5.460000,5.500000,5.281000,5.450000,5.450000,877600,-
2016-09-21,5.470000,5.690000,5.450000,5.570000,5.570000,1109300,-
2016-09-22,5.600000,5.750000,5.520000,5.750000,5.750000,996100,1.060886
2016-09-23,5.790000,5.950000,5.775000,5.920000,5.920000,892100,1.086239
2016-09-26,5.920000,6.100000,5.865000,6.030000,6.030000,982500,1.018581
2016-09-27,6.010000,6.160000,5.990000,6.160000,6.160000,1020800,-
2016-09-28,6.230000,6.290000,6.080000,6.230000,6.230000,958700,-
2016-09-29,6.250000,6.350000,6.130000,6.240000,6.240000,1023600,1.034826
2016-09-30,6.290000,6.340000,6.150000,6.300000,6.300000,1731400,1.022727
2016-10-03,6.310000,6.380000,6.050000,6.170000,6.170000,994900,0.979365
2016-10-04,6.210000,6.240000,5.900000,5.910000,5.910000,1015300,-
2016-10-05,5.920000,6.280000,5.900000,6.260000,6.260000,917600,-
2016-10-06,6.350000,6.400000,6.060000,6.120000,6.120000,687000,0.991896
2016-10-07,6.470000,6.750000,6.260000,6.490000,6.490000,4809600,1.098139
2016-10-10,6.550000,7.090000,6.510000,6.910000,6.910000,2904400,1.064715
2016-10-11,7.000000,7.340000,6.840000,7.020000,7.020000,2300500,-
2016-10-12,7.010000,7.230000,6.735000,6.810000,6.810000,1415300,-
2016-10-13,6.750000,6.798000,6.460000,6.540000,6.540000,1602900,0.946454
2016-10-14,6.600000,6.670000,6.360000,6.380000,6.380000,1378500,0.908832
2016-10-17,6.360000,6.555000,6.330000,6.420000,6.420000,908000,1.00627
2016-10-18,6.500000,6.640000,6.400000,6.530000,6.530000,824100,-
2016-10-19,6.570000,6.783000,6.510000,6.650000,6.650000,743400,-
2016-10-20,6.640000,6.740000,6.520000,6.670000,6.670000,704900,1.038941
2016-10-21,6.620000,6.680000,6.190000,6.270000,6.270000,2502900,0.960184
2016-10-24,6.290000,6.341000,6.010000,6.080000,6.080000,1243000,0.969697
2016-10-25,6.070000,6.150000,5.960000,5.980000,5.980000,804400,-
2016-10-26,5.950000,5.996000,5.530000,5.530000,5.530000,2002600,-
2016-10-27,5.650000,5.708000,5.350000,5.370000,5.370000,1623200,0.883224
2016-10-28,5.360000,5.530000,5.120000,5.180000,5.180000,1056600,0.866221
2016-10-31,5.180000,5.300000,5.030000,5.210000,5.210000,1421300,1.005792
2016-11-01,5.200000,5.300000,4.850000,4.860000,4.860000,2180500,-
2016-11-02,4.870000,4.906000,4.590000,4.630000,4.630000,1768500,-
2016-11-03,4.840000,4.840000,4.570000,4.650000,4.650000,1738500,0.892514
2016-11-04,4.640000,4.900000,4.610000,4.710000,4.710000,1793200,0.969136
2016-11-07,4.930000,5.040000,4.860000,4.920000,4.920000,1454600,1.044586
2016-11-08,5.020000,5.090000,4.883000,4.990000,4.990000,1420800,-
2016-11-09,4.180000,4.850000,4.150000,4.790000,4.790000,2527600,-
2016-11-10,4.490000,4.775000,4.440000,4.710000,4.710000,1542700,0.957317
2016-11-11,5.210000,5.500000,4.960000,5.110000,5.110000,4071400,1.024048
2016-11-14,5.120000,5.190000,4.930000,4.980000,4.980000,1926100,0.97456
2016-11-15,5.010000,5.083000,4.760000,4.910000,4.910000,1608300,-
2016-11-16,4.840000,4.860000,4.710000,4.850000,4.850000,1205800,-
2016-11-17,4.820000,4.850000,4.710000,4.800000,4.800000,987100,0.963855
2016-11-18,4.830000,5.020000,4.830000,4.980000,4.980000,1175600,1.014257
2016-11-21,5.060000,5.100000,4.760000,4.820000,4.820000,1478300,0.967871
2016-11-22,5.020000,5.180000,4.890000,5.050000,5.050000,1815700,-
2016-11-23,5.020000,5.300000,4.980000,5.280000,5.280000,1293500,-
2016-11-25,5.330000,5.420000,5.180000,5.340000,5.340000,650200,1.057426
2016-11-28,5.410000,5.600000,5.300000,5.380000,5.380000,1473300,1.007491
2016-11-29,5.380000,5.445000,4.960000,4.990000,4.990000,1661000,-
2016-11-30,5.090000,5.290000,5.060000,5.100000,5.100000,1020900,-
2016-12-01,5.130000,5.230000,4.890000,5.000000,5.000000,1059900,0.929368
2016-12-02,5.050000,5.120000,4.950000,5.090000,5.090000,1256000,1.02004
2016-12-05,5.100000,5.330000,5.080000,5.320000,5.320000,1359000,1.045187
2016-12-06,5.330000,5.470000,5.240000,5.460000,5.460000,984700,-
2016-12-07,5.470000,5.700000,5.431000,5.580000,5.580000,1628000,-
2016-12-08,5.620000,5.790000,5.580000,5.650000,5.650000,1523100,1.06203
2016-12-09,5.690000,5.860000,5.650000,5.850000,5.850000,1345900,1.071429
2016-12-12,5.870000,5.950000,5.610000,5.650000,5.650000,1647900,0.965812
2016-12-13,5.690000,5.700000,5.250000,5.370000,5.370000,1717500,-
2016-12-14,5.390000,5.410000,5.170000,5.240000,5.240000,1011800,-
2016-12-15,5.230000,5.390000,5.190000,5.320000,5.320000,602300,0.941593
2016-12-16,5.350000,5.620000,5.330000,5.590000,5.590000,1319500,1.040968
2016-12-19,5.580000,5.840000,5.520000,5.800000,5.800000,874500,1.037567
2016-12-20,5.800000,5.890000,5.470000,5.550000,5.550000,951200,-
2016-12-21,5.560000,5.740000,5.500000,5.530000,5.530000,748400,-
2016-12-22,5.540000,5.540000,5.350000,5.440000,5.440000,549600,0.937931
2016-12-23,5.410000,5.423000,5.220000,5.230000,5.230000,996500,0.942342
2016-12-27,5.230000,5.620000,5.205000,5.610000,5.610000,1091100,-
2016-12-28,5.640000,5.680000,5.380000,5.440000,5.440000,1035400,-
2016-12-29,5.430000,5.580000,5.310000,5.330000,5.330000,958500,-
2016-12-30,5.310000,5.365000,5.250000,5.310000,5.310000,700200,0.946524
2017-01-03,5.390000,5.600000,5.360000,5.590000,5.590000,1091200,-
2017-01-04,5.600000,5.850000,5.570000,5.820000,5.820000,1506000,-
2017-01-05,5.820000,5.850000,5.710000,5.810000,5.810000,771900,-
2017-01-06,5.820000,5.880000,5.640000,5.800000,5.800000,542200,1.037567
2017-01-09,5.770000,5.850000,5.620000,5.670000,5.670000,717100,0.977586
2017-01-10,5.860000,6.010000,5.740000,6.000000,6.000000,1072700,-
2017-01-11,6.010000,6.500000,5.930000,6.400000,6.400000,2407500,-
2017-01-12,6.350000,6.350000,6.040000,6.170000,6.170000,1160200,1.088183
2017-01-13,6.180000,6.370000,6.150000,6.250000,6.250000,943600,1.041667
2017-01-17,6.220000,6.360000,6.140000,6.160000,6.160000,877600,-
2017-01-18,6.160000,6.250000,6.080000,6.100000,6.100000,646400,-
2017-01-19,6.120000,6.170000,5.780000,5.810000,5.810000,1376900,-
2017-01-20,5.810000,5.890000,5.750000,5.880000,5.880000,447100,0.954545
2017-01-23,5.880000,5.880000,5.500000,5.590000,5.590000,1198200,0.95068
2017-01-24,5.600000,5.700000,5.500000,5.650000,5.650000,628300,-
2017-01-25,5.700000,5.880000,5.700000,5.750000,5.750000,768000,-
2017-01-26,5.770000,5.880000,5.650000,5.700000,5.700000,504100,1.019678
2017-01-27,5.720000,5.780000,5.500000,5.550000,5.550000,994600,0.982301
2017-01-30,5.510000,5.520000,5.210000,5.250000,5.250000,1095000,0.945946
2017-01-31,5.220000,5.300000,5.110000,5.290000,5.290000,907900,-
2017-02-01,5.260000,5.580000,5.260000,5.570000,5.570000,954300,-
2017-02-02,5.530000,5.589000,5.450000,5.510000,5.510000,582800,1.049524
2017-02-03,5.520000,5.660000,5.500000,5.660000,5.660000,712100,1.069943
2017-02-06,5.610000,5.610000,5.480000,5.570000,5.570000,479400,0.984099
2017-02-07,5.570000,5.630000,5.500000,5.590000,5.590000,333700,-
2017-02-08,5.570000,5.790000,5.530000,5.740000,5.740000,739200,-
2017-02-09,5.760000,5.780000,5.700000,5.730000,5.730000,621900,1.028725
2017-02-10,5.790000,6.080000,5.750000,5.990000,5.990000,1384800,1.071556
2017-02-13,6.030000,6.150000,6.010000,6.060000,6.060000,627100,1.011686
2017-02-14,6.040000,6.060000,5.900000,6.040000,6.040000,843900,-
2017-02-15,6.020000,6.180000,5.960000,6.170000,6.170000,907500,-
2017-02-16,6.150000,6.150000,5.930000,6.040000,6.040000,841300,0.9967
2017-02-17,6.050000,6.060000,5.850000,5.960000,5.960000,1318600,0.986755
2017-02-21,6.000000,6.140000,5.930000,6.020000,6.020000,1624400,-
2017-02-22,6.000000,6.000000,5.720000,5.830000,5.830000,1211600,-
2017-02-23,5.840000,5.980000,5.810000,5.910000,5.910000,754200,-
2017-02-24,5.850000,5.950000,5.810000,5.850000,5.850000,559900,0.971761
2017-02-27,5.850000,5.950000,5.806000,5.920000,5.920000,1003600,1.011966
2017-02-28,5.900000,5.920000,5.670000,5.690000,5.690000,761300,-
2017-03-01,5.750000,5.800000,5.510000,5.620000,5.620000,1451000,-
2017-03-02,5.600000,5.700000,5.450000,5.480000,5.480000,1023100,0.925676
2017-03-03,5.500000,5.630000,5.400000,5.410000,5.410000,1000100,0.950791
2017-03-06,5.410000,5.410000,5.210000,5.250000,5.250000,1394400,0.970425
2017-03-07,5.300000,5.351000,5.190000,5.270000,5.270000,1360000,-
2017-03-08,5.400000,5.470000,5.160000,5.240000,5.240000,2574500,-
2017-03-09,5.020000,5.490000,5.000000,5.240000,5.240000,3285500,0.998095
2017-03-10,5.300000,5.300000,5.040000,5.060000,5.060000,1860700,0.960152
2017-03-13,5.060000,5.070000,4.920000,4.960000,4.960000,1408300,0.980237
2017-03-14,4.930000,4.948000,4.790000,4.890000,4.890000,1145200,-
2017-03-15,4.900000,5.010000,4.850000,5.000000,5.000000,892200,-
2017-03-16,5.010000,5.180000,4.980000,5.100000,5.100000,1019600,1.028226
2017-03-17,5.100000,5.110000,4.920000,4.950000,4.950000,1597000,1.01227
2017-03-20,4.930000,4.950000,4.820000,4.900000,4.900000,885300,0.989899
2017-03-21,4.920000,4.990000,4.800000,4.800000,4.800000,963300,-
2017-03-22,5.050000,5.100000,4.850000,4.980000,4.980000,1730800,-
2017-03-23,4.980000,5.040000,4.820000,4.840000,4.840000,882400,0.987755
2017-03-24,4.850000,4.990000,4.820000,4.910000,4.910000,937400,1.022917
2017-03-27,4.880000,4.980000,4.860000,4.940000,4.940000,811200,1.00611
2017-03-28,4.910000,5.090000,4.910000,5.080000,5.080000,817100,-
2017-03-29,5.060000,5.295000,5.040000,5.260000,5.260000,747900,-
2017-03-30,5.270000,5.295000,5.150000,5.220000,5.220000,737800,1.05668
2017-03-31,5.230000,5.430000,5.230000,5.400000,5.400000,1252100,1.062992
2017-04-03,5.370000,5.370000,5.170000,5.280000,5.280000,855600,0.977778
2017-04-04,5.250000,5.300000,5.180000,5.220000,5.220000,971000,-
2017-04-05,5.270000,5.345000,5.010000,5.030000,5.030000,784700,-
2017-04-06,5.020000,5.180000,4.950000,5.180000,5.180000,976800,0.981061
2017-04-07,5.160000,5.340000,5.040000,5.340000,5.340000,824000,1.022989
2017-04-10,5.310000,5.620000,5.210000,5.540000,5.540000,1241400,1.037453
2017-04-11,5.600000,5.610000,5.280000,5.460000,5.460000,1145200,-
2017-04-12,5.440000,5.470000,5.300000,5.330000,5.330000,812400,-
2017-04-13,5.320000,5.390000,5.180000,5.230000,5.230000,712000,0.944043
2017-04-17,5.240000,5.330000,5.205000,5.300000,5.300000,670600,-
2017-04-18,5.250000,5.250000,5.070000,5.190000,5.190000,1132300,-
2017-04-19,5.200000,5.390000,5.120000,5.160000,5.160000,845200,-
2017-04-20,5.180000,5.259000,5.110000,5.120000,5.120000,523500,0.966038
2017-04-21,5.110000,5.180000,5.080000,5.120000,5.120000,558200,0.986513
2017-04-24,5.210000,5.310000,5.150000,5.270000,5.270000,748500,1.029297
2017-04-25,5.330000,5.480000,5.265000,5.420000,5.420000,1238400,-
2017-04-26,5.410000,5.495000,5.310000,5.320000,5.320000,725100,-
2017-04-27,5.310000,5.390000,5.170000,5.330000,5.330000,784300,1.011385
2017-04-28,5.340000,5.390000,5.265000,5.290000,5.290000,482200,0.976015
2017-05-01,5.280000,5.393000,5.220000,5.380000,5.380000,854700,1.017013
2017-05-02,5.360000,5.430000,5.190000,5.210000,5.210000,920800,-
2017-05-03,5.150000,5.210000,4.720000,4.750000,4.750000,3389000,-
2017-05-04,5.000000,5.025000,4.590000,4.710000,4.710000,1941100,0.875465
2017-05-05,4.640000,4.880000,4.600000,4.860000,4.860000,1158200,0.932821
2017-05-08,4.810000,4.950000,4.810000,4.920000,4.920000,657100,1.012346
2017-05-09,4.920000,4.960000,4.840000,4.900000,4.900000,754800,-
2017-05-10,4.880000,5.150000,4.850000,5.090000,5.090000,1416700,-
2017-05-11,5.120000,5.210000,4.860000,5.000000,5.000000,1871800,1.01626
2017-05-12,4.960000,5.010000,4.810000,4.870000,4.870000,1104900,0.993878
2017-05-15,4.910000,5.080000,4.870000,4.905000,4.905000,857200,1.007187
2017-05-16,4.900000,4.960000,4.840000,4.900000,4.900000,653700,-
2017-05-17,4.810000,4.920000,4.760000,4.810000,4.810000,1032400,-
2017-05-18,4.790000,4.910000,4.730000,4.900000,4.900000,773200,0.998981
2017-05-19,4.910000,5.100000,4.880000,5.050000,5.050000,1201000,1.030612
2017-05-22,4.880000,5.000000,4.830000,4.900000,4.900000,1180300,0.970297
2017-05-23,4.910000,5.010000,4.790000,4.890000,4.890000,975700,-
2017-05-24,4.890000,5.035000,4.846000,4.920000,4.920000,968200,-
2017-05-25,4.950000,4.970000,4.800000,4.910000,4.910000,1251300,1.002041
2017-05-26,4.890000,4.990000,4.882000,4.940000,4.940000,716800,1.010225
2017-05-30,4.970000,5.092000,4.850000,5.020000,5.020000,1406100,-
2017-05-31,5.010000,5.105000,4.870000,5.040000,5.040000,1053000,-
2017-06-01,5.050000,5.170000,4.990000,5.130000,5.130000,979800,-
2017-06-02,5.150000,5.230000,5.120000,5.120000,5.120000,705300,1.01992
2017-06-05,5.100000,5.130000,4.960000,5.000000,5.000000,553500,0.976562
2017-06-06,4.950000,5.100000,4.910000,5.020000,5.020000,899200,-
2017-06-07,5.020000,5.060000,4.860000,4.930000,4.930000,983900,-
2017-06-08,4.930000,5.400000,4.890000,5.340000,5.340000,2161000,1.068
2017-06-09,5.360000,5.500000,5.340000,5.410000,5.410000,1038000,1.077689
2017-06-12,5.400000,5.560000,5.330000,5.440000,5.440000,827400,1.005545
2017-06-13,5.460000,5.555000,5.425000,5.480000,5.480000,811100,-
2017-06-14,5.500000,5.520000,5.340000,5.490000,5.490000,628000,-
2017-06-15,5.380000,5.590000,5.380000,5.520000,5.520000,626600,1.014706
2017-06-16,5.480000,5.750000,5.470000,5.740000,5.740000,1494600,1.047445
2017-06-19,5.760000,5.910000,5.700000,5.850000,5.850000,971200,1.019164
2017-06-20,5.990000,6.500000,5.930000,6.360000,6.360000,3838900,-
2017-06-21,6.260000,6.590000,6.190000,6.520000,6.520000,2486100,-
2017-06-22,6.540000,6.710000,6.470000,6.650000,6.650000,2013800,1.136752
2017-06-23,6.610000,6.785000,6.500000,6.750000,6.750000,4004100,1.061321
2017-06-26,6.760000,7.000000,6.740000,6.830000,6.830000,1734700,1.011852
2017-06-27,6.790000,7.000000,6.771000,6.890000,6.890000,1456800,-
2017-06-28,6.960000,7.220000,6.860000,7.100000,7.100000,1891500,-
2017-06-29,7.120000,7.320000,7.090000,7.270000,7.270000,1898100,1.064422
2017-06-30,7.270000,7.350000,7.070000,7.120000,7.120000,1663700,1.033382
2017-07-03,7.120000,7.300000,7.060000,7.240000,7.240000,834800,1.016854
2017-07-05,7.210000,7.240000,6.500000,6.800000,6.800000,1860400,-
2017-07-06,6.770000,7.000000,6.610000,6.750000,6.750000,752300,0.93232
2017-07-07,6.730000,6.830000,6.650000,6.790000,6.790000,777100,-
2017-07-10,6.810000,7.000000,6.810000,6.890000,6.890000,727900,1.014728
2017-07-11,6.900000,6.990000,6.831000,6.870000,6.870000,831100,-
2017-07-12,6.910000,7.070000,6.860000,7.060000,7.060000,1113100,-
2017-07-13,7.080000,7.180000,6.950000,6.990000,6.990000,1023200,1.014514
2017-07-14,7.000000,7.160000,6.990000,7.070000,7.070000,835500,1.029112
2017-07-17,7.050000,7.135000,6.980000,7.010000,7.010000,466400,0.991513
2017-07-18,7.000000,7.200000,6.895000,7.140000,7.140000,1127300,-
2017-07-19,7.140000,7.305000,7.135000,7.270000,7.270000,988000,-
2017-07-20,7.310000,7.321000,7.140000,7.250000,7.250000,709000,1.034237
2017-07-21,7.280000,7.340000,7.140000,7.290000,7.290000,792800,1.021008
2017-07-24,7.350000,7.590000,7.320000,7.560000,7.560000,1374800,1.037037
2017-07-25,7.590000,7.640000,7.350000,7.350000,7.350000,1002600,-
2017-07-26,7.350000,7.480000,7.250000,7.300000,7.300000,819300,-
2017-07-27,7.300000,7.540000,7.260000,7.370000,7.370000,1294100,0.974868
2017-07-28,7.420000,7.500000,7.300000,7.480000,7.480000,1014700,1.017687
2017-07-31,7.460000,7.560000,7.290000,7.530000,7.530000,780300,1.006684
2017-08-01,7.530000,7.550000,7.355000,7.440000,7.440000,629800,-
2017-08-02,7.400000,7.400000,6.950000,7.190000,7.190000,962100,-
2017-08-03,7.250000,7.385000,7.195000,7.240000,7.240000,745100,0.961487
2017-08-04,7.280000,7.370000,7.220000,7.270000,7.270000,578500,0.977151
2017-08-07,7.250000,7.480000,7.240000,7.420000,7.420000,1052200,1.020633
2017-08-08,6.900000,7.300000,6.500000,7.050000,7.050000,2944500,-
2017-08-09,6.950000,6.960000,6.750000,6.840000,6.840000,1254100,-
2017-08-10,6.800000,6.860000,6.520000,6.690000,6.690000,1469300,0.901617
2017-08-11,6.650000,6.840000,6.600000,6.820000,6.820000,614900,0.967376
2017-08-14,6.850000,7.100000,6.820000,6.960000,6.960000,591900,1.020528
2017-08-15,6.970000,7.070000,6.870000,6.940000,6.940000,605800,-
2017-08-16,6.920000,7.080000,6.790000,6.840000,6.840000,490100,-
2017-08-17,6.800000,6.940000,6.640000,6.650000,6.650000,591400,0.95546
2017-08-18,6.600000,6.900000,6.510000,6.850000,6.850000,840600,0.987032
2017-08-21,6.830000,6.890000,6.700000,6.700000,6.700000,343800,0.978102
2017-08-22,6.730000,6.855000,6.680000,6.710000,6.710000,377400,-
2017-08-23,6.680000,6.990000,6.600000,6.940000,6.940000,1064200,-
2017-08-24,7.230000,7.780000,7.100000,7.590000,7.590000,3045400,1.132836
2017-08-25,7.470000,7.550000,6.830000,6.910000,6.910000,2386400,1.029806
2017-08-28,6.940000,7.030000,6.820000,6.930000,6.930000,832900,1.002894
2017-08-29,6.870000,6.910000,6.685000,6.830000,6.830000,799300,-
2017-08-30,6.800000,6.908000,6.710000,6.780000,6.780000,662700,-
2017-08-31,6.810000,6.860000,6.640000,6.700000,6.700000,1009300,0.966811
2017-09-01,6.710000,6.790000,6.520000,6.770000,6.770000,764600,0.991215
2017-09-05,6.750000,6.940000,6.720000,6.920000,6.920000,1106100,-
2017-09-06,6.920000,7.170000,6.854000,7.070000,7.070000,936200,-
2017-09-07,7.090000,7.210000,7.040000,7.150000,7.150000,836400,-
2017-09-08,7.150000,7.200000,6.980000,7.040000,7.040000,1009000,1.017341
2017-09-11,7.000000,7.080000,6.730000,6.920000,6.920000,729300,0.982955
2017-09-12,6.920000,7.020000,6.850000,6.940000,6.940000,610700,-
2017-09-13,6.920000,6.950000,6.830000,6.830000,6.830000,511500,-
2017-09-14,6.820000,6.940000,6.785000,6.860000,6.860000,550100,0.991329
2017-09-15,6.880000,6.920000,6.625000,6.720000,6.720000,1590700,0.9683
2017-09-18,6.750000,6.800000,6.440000,6.440000,6.440000,1486300,0.958333
2017-09-19,6.420000,6.430000,6.015000,6.050000,6.050000,2541900,-
2017-09-20,6.090000,6.240000,6.000000,6.020000,6.020000,1348300,-
2017-09-21,5.990000,6.040000,4.210000,5.470000,5.470000,3131300,0.849379
2017-09-22,5.460000,5.810000,5.100000,5.590000,5.590000,2865600,0.923967
2017-09-25,5.600000,5.614000,5.129000,5.190000,5.190000,1728700,0.928444
2017-09-26,5.170000,5.540000,5.160000,5.400000,5.400000,1381800,-
2017-09-27,5.400000,5.710000,5.390000,5.630000,5.630000,1128100,-
2017-09-28,5.600000,5.610000,5.400000,5.530000,5.530000,1115100,1.065511
2017-09-29,5.510000,5.690000,5.470000,5.550000,5.550000,708000,1.027778
2017-10-02,5.490000,5.565000,5.410000,5.530000,5.530000,766500,0.996396
2017-10-03,5.560000,5.660000,5.520000,5.650000,5.650000,729300,-
2017-10-04,5.640000,5.720000,5.540000,5.630000,5.630000,664600,-
2017-10-05,5.620000,5.720000,5.490000,5.540000,5.540000,698800,1.001808
2017-10-06,5.500000,5.660000,5.500000,5.580000,5.580000,404000,0.987611
2017-10-09,5.580000,5.680000,5.430000,5.430000,5.430000,495500,0.973118
2017-10-10,5.480000,5.580000,5.430000,5.450000,5.450000,670400,-
2017-10-11,5.450000,5.540000,5.420000,5.470000,5.470000,656200,-
2017-10-12,5.470000,5.520000,5.380000,5.390000,5.390000,694400,0.992634
2017-10-13,5.390000,5.600000,5.380000,5.520000,5.520000,826000,1.012844
2017-10-16,5.520000,5.630000,5.490000,5.490000,5.490000,596300,0.994565
2017-10-17,5.530000,5.700000,5.505000,5.540000,5.540000,1217500,-
2017-10-18,5.590000,5.700000,5.540000,5.540000,5.540000,1066000,-
2017-10-19,5.500000,5.620000,5.370000,5.460000,5.460000,579900,0.994536
2017-10-20,5.500000,5.590000,5.440000,5.570000,5.570000,606700,1.005415
2017-10-23,5.550000,5.630000,5.310000,5.370000,5.370000,781600,0.964093
2017-10-24,5.390000,5.585000,5.375000,5.440000,5.440000,1085500,-
2017-10-25,5.450000,5.530000,5.350000,5.420000,5.420000,1005400,-
2017-10-26,5.420000,5.520000,5.380000,5.440000,5.440000,466300,1.013035
2017-10-27,5.450000,5.680000,5.450000,5.620000,5.620000,741200,1.033088
2017-10-30,5.580000,5.810000,5.550000,5.720000,5.720000,886800,1.017794
2017-10-31,5.750000,5.920000,5.640000,5.740000,5.740000,1508800,-
2017-11-01,5.670000,5.840000,5.660000,5.740000,5.740000,895500,-
2017-11-02,5.770000,5.800000,5.630000,5.690000,5.690000,940600,0.994755
2017-11-03,5.670000,5.720000,5.590000,5.650000,5.650000,685700,0.984321
2017-11-06,5.750000,6.160000,5.700000,6.130000,6.130000,1339500,1.084956
2017-11-07,6.200000,6.235000,5.800000,5.860000,5.860000,1227800,-
2017-11-08,5.820000,6.190000,5.750000,5.890000,5.890000,934000,-
2017-11-09,6.410000,6.730000,6.030000,6.240000,6.240000,2876200,1.017945
2017-11-10,6.200000,6.240000,5.640000,5.830000,5.830000,1877000,0.994881
2017-11-13,5.900000,6.150000,5.870000,6.070000,6.070000,1059900,1.041166
2017-11-14,6.070000,6.180000,5.890000,6.170000,6.170000,710300,-
2017-11-15,6.120000,6.250000,6.010000,6.080000,6.080000,821000,-
2017-11-16,6.070000,6.195000,5.930000,6.040000,6.040000,825000,0.995058
2017-11-17,6.000000,6.140000,5.937000,6.050000,6.050000,734100,0.980551
2017-11-20,5.980000,6.080000,5.918000,6.020000,6.020000,720300,0.995041
2017-11-21,6.050000,6.055000,5.900000,5.920000,5.920000,569300,-
2017-11-22,5.920000,5.979000,5.750000,5.920000,5.920000,653600,-
2017-11-24,5.950000,5.990000,5.870000,5.930000,5.930000,330500,1.001689
2017-11-27,5.970000,6.090000,5.940000,6.080000,6.080000,821600,1.025295
2017-11-28,6.010000,6.010000,5.700000,5.730000,5.730000,2020100,-
2017-11-29,5.720000,5.780000,5.400000,5.560000,5.560000,1514500,-
2017-11-30,5.560000,5.670000,5.510000,5.600000,5.600000,788200,0.921053
2017-12-01,5.570000,5.640000,5.320000,5.440000,5.440000,1114600,0.949389
2017-12-04,5.490000,5.740000,5.480000,5.490000,5.490000,1054500,1.009191
2017-12-05,5.490000,5.635000,5.440000,5.560000,5.560000,749200,-
2017-12-06,5.550000,5.600000,5.480000,5.560000,5.560000,535400,-
2017-12-07,5.540000,5.690000,5.520000,5.670000,5.670000,651700,1.032787
2017-12-08,5.710000,5.780000,5.710000,5.730000,5.730000,693300,1.030576
2017-12-11,5.740000,5.860000,5.700000,5.800000,5.800000,722600,1.012216
2017-12-12,5.790000,5.950000,5.675000,5.690000,5.690000,823600,-
2017-12-13,5.710000,5.826000,5.590000,5.690000,5.690000,858600,-
2017-12-14,5.720000,5.920000,5.600000,5.860000,5.860000,1115800,1.010345
2017-12-15,5.910000,6.100000,5.900000,6.060000,6.060000,2727400,1.065026
2017-12-18,6.080000,6.140000,6.030000,6.070000,6.070000,1261600,1.00165
2017-12-19,6.070000,6.100000,5.970000,5.990000,5.990000,719700,-
2017-12-20,5.980000,6.120000,5.980000,6.070000,6.070000,696900,-
2017-12-21,6.080000,6.080000,6.010000,6.050000,6.050000,673700,0.996705
2017-12-22,6.040000,6.060000,5.980000,6.020000,6.020000,356600,1.005008
2017-12-26,6.010000,6.010000,5.790000,5.840000,5.840000,552800,-
2017-12-27,5.840000,5.940000,5.780000,5.870000,5.870000,436000,-
2017-12-28,5.870000,6.080000,5.870000,6.070000,6.070000,1012500,-
2017-12-29,6.080000,6.090000,5.890000,5.900000,5.900000,879800,1.010274
2018-01-02,5.880000,5.980000,5.880000,5.920000,5.920000,672400,-
2018-01-03,5.920000,6.140000,5.920000,6.050000,6.050000,933100,-
2018-01-04,6.050000,6.090000,5.910000,6.060000,6.060000,798500,-
2018-01-05,6.070000,6.090000,5.940000,6.010000,6.010000,1062000,1.015203
2018-01-08,6.000000,6.100000,5.920000,6.050000,6.050000,466100,1.006656
2018-01-09,6.030000,6.080000,5.960000,6.010000,6.010000,564000,-
2018-01-10,5.980000,6.025000,5.940000,6.020000,6.020000,511400,-
2018-01-11,5.980000,6.310000,5.940000,6.300000,6.300000,1870700,1.041322
2018-01-12,6.300000,6.430000,6.232000,6.360000,6.360000,980900,1.058236
2018-01-16,6.370000,6.410000,6.060000,6.060000,6.060000,926500,-
2018-01-17,6.070000,6.150000,6.020000,6.090000,6.090000,992200,-
2018-01-18,6.060000,6.130000,5.775000,5.920000,5.920000,1934200,-
2018-01-19,5.910000,6.010000,5.880000,5.940000,5.940000,919600,0.980198
2018-01-22,5.940000,6.080000,5.873000,6.040000,6.040000,1243900,1.016835
2018-01-23,6.450000,6.570000,6.160000,6.410000,6.410000,3887200,-
2018-01-24,6.450000,6.560000,6.270000,6.390000,6.390000,1295400,-
2018-01-25,6.470000,6.520000,6.280000,6.330000,6.330000,985900,1.048013
2018-01-26,6.390000,6.405000,6.200000,6.330000,6.330000,878800,0.98752
2018-01-29,6.350000,6.780000,6.350000,6.660000,6.660000,1543100,1.052133
2018-01-30,6.660000,6.730000,6.610000,6.670000,6.670000,1059900,-
2018-01-31,6.700000,6.730000,6.320000,6.330000,6.330000,1155400,-
2018-02-01,6.320000,6.370000,6.030000,6.070000,6.070000,899100,0.911411
2018-02-02,6.020000,6.050000,5.780000,5.820000,5.820000,1816800,0.872564
2018-02-05,5.790000,5.890000,5.600000,5.610000,5.610000,1356000,0.963918
2018-02-06,5.520000,5.650000,5.430000,5.550000,5.550000,1588700,-
2018-02-07,5.560000,5.700000,5.480000,5.540000,5.540000,847500,-
2018-02-08,5.560000,5.690000,5.260000,5.330000,5.330000,1404700,0.950089
2018-02-09,5.430000,5.480000,5.080000,5.370000,5.370000,1674200,0.967568
2018-02-12,5.840000,6.120000,5.640000,6.000000,6.000000,2667000,1.117318
2018-02-13,6.020000,6.110000,5.940000,5.970000,5.970000,1518400,-
2018-02-14,5.900000,6.520000,5.900000,6.420000,6.420000,2695100,-
2018-02-15,6.500000,6.550000,6.240000,6.530000,6.530000,1810000,1.088333
2018-02-16,6.540000,6.880000,6.530000,6.780000,6.780000,2850800,1.135678
2018-02-20,6.800000,6.850000,6.680000,6.730000,6.730000,1325200,-
2018-02-21,6.770000,7.299000,6.770000,7.060000,7.060000,2944300,-
2018-02-22,7.020000,7.050000,6.350000,6.690000,6.690000,3001400,-
2018-02-23,6.700000,6.890000,6.620000,6.865000,6.865000,1321200,1.020059
2018-02-26,6.910000,7.100000,6.883000,7.050000,7.050000,1674800,1.026948
2018-02-27,7.080000,7.149000,6.700000,6.750000,6.750000,1562600,-
2018-02-28,6.800000,6.885000,6.680000,6.690000,6.690000,1252800,-
2018-03-01,6.670000,7.030000,6.510000,6.940000,6.940000,1938600,0.984397
2018-03-02,6.970000,7.090000,6.670000,7.060000,7.060000,1898500,1.045926
2018-03-05,7.030000,7.200000,6.830000,7.200000,7.200000,2640600,1.01983
2018-03-06,7.300000,7.440000,7.160000,7.430000,7.430000,4219800,-
2018-03-07,7.400000,7.400000,6.640000,6.760000,6.760000,6183100,-
2018-03-08,6.740000,7.090000,6.710000,6.910000,6.910000,3124000,0.959722
2018-03-09,6.980000,7.230000,6.960000,7.150000,7.150000,1983500,0.962315
2018-03-12,7.150000,7.370000,7.150000,7.200000,7.200000,1710300,1.006993
2018-03-13,7.240000,7.400000,7.150000,7.270000,7.270000,1878400,-
2018-03-14,7.330000,7.660000,7.250000,7.650000,7.650000,3062900,-
2018-03-15,7.690000,7.700000,7.405000,7.460000,7.460000,1566000,1.036111
2018-03-16,7.570000,7.680000,7.320000,7.660000,7.660000,2275700,1.053645
2018-03-19,7.640000,7.790000,7.494000,7.630000,7.630000,2261500,0.996084
2018-03-20,7.670000,8.080000,7.560000,8.050000,8.050000,2762000,-
2018-03-21,8.070000,8.950000,8.070000,8.640000,8.640000,5108400,-
2018-03-22,8.490000,8.850000,8.180000,8.470000,8.470000,4337700,1.110092
2018-03-23,8.530000,8.870000,8.420000,8.430000,8.430000,3117900,1.047205
2018-03-26,8.550000,8.820000,8.500000,8.730000,8.730000,2605200,1.035587
2018-03-27,8.750000,8.840000,8.510000,8.760000,8.760000,2377400,-
2018-03-28,8.700000,8.749000,8.454000,8.690000,8.690000,2585400,-
2018-03-29,8.720000,9.230000,8.610000,8.930000,8.930000,3372000,1.02291
2018-04-02,8.900000,9.120000,8.730000,9.080000,9.080000,2167800,-
2018-04-03,9.150000,9.240000,8.915000,9.160000,9.160000,2539900,-
2018-04-04,9.110000,9.880000,8.940000,9.820000,9.820000,5328300,-
2018-04-05,9.820000,10.160000,9.760000,9.940000,9.940000,5041200,1.094714
2018-04-06,9.300000,9.510000,8.390000,8.520000,8.520000,6356200,0.930131
2018-04-09,8.510000,8.730000,8.170000,8.190000,8.190000,2919900,0.961268
2018-04-10,8.280000,8.590000,8.200000,8.200000,8.200000,2443200,-
2018-04-11,8.150000,8.450000,8.010000,8.280000,8.280000,1708900,-
2018-04-12,8.410000,8.600000,8.360000,8.470000,8.470000,1488100,1.034188
2018-04-13,8.540000,8.690000,8.420000,8.500000,8.500000,1474000,1.036585
2018-04-16,8.500000,8.750000,8.430000,8.630000,8.630000,1503100,1.015294
2018-04-17,8.690000,8.800000,8.580000,8.750000,8.750000,1089500,-
2018-04-18,8.790000,9.220000,8.730000,9.110000,9.110000,1968100,-
2018-04-19,9.120000,9.150000,8.830000,8.910000,8.910000,1166800,1.032445
2018-04-20,8.870000,9.480000,8.820000,9.270000,9.270000,1803100,1.059429
2018-04-23,9.440000,9.440000,8.690000,8.820000,8.820000,2574700,0.951456
2018-04-24,8.870000,9.040000,8.700000,8.880000,8.880000,1425300,-
2018-04-25,8.900000,9.030000,8.750000,8.990000,8.990000,1372100,-
2018-04-26,9.050000,9.120000,8.950000,9.080000,9.080000,835500,1.029478
2018-04-27,9.080000,9.450000,9.050000,9.250000,9.250000,1153500,1.041667
2018-04-30,9.270000,9.390000,9.120000,9.220000,9.220000,3745200,0.996757
2018-05-01,9.180000,9.180000,8.800000,9.080000,9.080000,966400,-
2018-05-02,9.090000,9.250000,8.990000,9.060000,9.060000,4051500,-
2018-05-03,9.030000,9.110000,8.820000,8.890000,8.890000,1024700,0.964208
2018-05-04,8.900000,9.040000,8.860000,8.980000,8.980000,781600,0.988987
2018-05-07,9.030000,9.400000,8.970000,9.330000,9.330000,1998500,1.038976
2018-05-08,9.310000,9.500000,9.220000,9.430000,9.430000,2245000,-
2018-05-09,9.410000,10.030000,9.350000,9.830000,9.830000,4177800,-
2018-05-10,10.970000,11.770000,10.220000,11.500000,11.500000,9178800,1.232583
2018-05-11,11.190000,11.200000,10.470000,10.690000,10.690000,5553600,1.133616
2018-05-14,10.830000,11.350000,10.763000,10.890000,10.890000,3810200,1.018709
2018-05-15,10.750000,11.190000,10.720000,10.850000,10.850000,2759300,-
2018-05-16,10.760000,10.900000,10.410000,10.640000,10.640000,3032500,-
2018-05-17,10.630000,10.876000,10.540000,10.860000,10.860000,2284900,0.997245
2018-05-18,10.850000,11.070000,10.830000,10.980000,10.980000,2038800,1.011982
2018-05-21,11.000000,11.140000,10.755000,10.910000,10.910000,1970200,0.993625
2018-05-22,10.980000,11.060000,10.840000,10.880000,10.880000,1260000,-
2018-05-23,10.800000,10.940000,10.710000,10.890000,10.890000,857900,-
2018-05-24,10.870000,11.040000,10.670000,11.010000,11.010000,1280500,1.009166
2018-05-25,10.930000,11.110000,10.700000,10.910000,10.910000,1775000,1.002757
2018-05-29,10.760000,11.070000,10.760000,11.000000,11.000000,1793100,-
2018-05-30,11.010000,11.510000,10.910000,11.500000,11.500000,3016900,-
2018-05-31,11.660000,12.240000,11.490000,12.100000,12.100000,5595100,-
2018-06-01,11.990000,12.395000,11.570000,12.270000,12.270000,3327900,1.115455
2018-06-04,12.300000,12.390000,11.750000,12.320000,12.320000,2972200,1.004075
2018-06-05,12.360000,13.000000,12.330000,12.820000,12.820000,3726100,-
2018-06-06,12.780000,12.810000,12.320000,12.570000,12.570000,2535400,-
2018-06-07,12.630000,12.790000,12.065000,12.280000,12.280000,1642400,0.996753
2018-06-08,12.320000,12.710000,12.250000,12.690000,12.690000,2346700,0.98986
2018-06-11,12.760000,12.810000,12.540000,12.640000,12.640000,1485300,0.99606
2018-06-12,12.780000,13.970000,12.720000,13.490000,13.490000,4472200,-
2018-06-13,13.740000,14.310000,13.600000,13.980000,13.980000,3541900,-
2018-06-14,14.100000,14.350000,13.910000,14.180000,14.180000,2196100,1.121835
2018-06-15,14.190000,14.190000,13.570000,13.630000,13.630000,5151100,1.010378
2018-06-18,13.420000,13.960000,13.320000,13.820000,13.820000,1612900,1.01394
2018-06-19,13.620000,13.800000,13.180000,13.780000,13.780000,1602100,-
2018-06-20,13.800000,14.126000,13.540000,13.860000,13.860000,1475900,-
2018-06-21,13.930000,13.978000,13.570000,13.690000,13.690000,1100100,0.990593
2018-06-22,13.820000,13.970000,13.650000,13.870000,13.870000,1995400,1.006531
2018-06-25,13.810000,13.820000,12.930000,13.450000,13.450000,1802400,0.969719
2018-06-26,13.590000,13.720000,13.350000,13.500000,13.500000,1280200,-
2018-06-27,13.480000,13.500000,13.080000,13.100000,13.100000,1182300,-
2018-06-28,13.050000,13.350000,12.700000,13.050000,13.050000,1986600,0.97026
2018-06-29,13.140000,13.495000,12.890000,13.150000,13.150000,1427400,0.974074
2018-07-02,13.570000,14.230000,13.000000,14.170000,14.170000,2748100,1.077567
2018-07-03,14.280000,14.326000,13.880000,14.180000,14.180000,1402400,-
2018-07-05,14.270000,15.210000,13.860000,14.990000,14.990000,4565400,1.057869
2018-07-06,14.850000,15.510000,14.500000,15.490000,15.490000,3180700,1.092384
2018-07-09,15.620000,16.025000,15.330000,15.950000,15.950000,2791800,1.029697
2018-07-10,15.860000,16.004999,15.170000,15.790000,15.790000,2628800,-
2018-07-11,15.410000,16.100000,15.270000,15.960000,15.960000,1759000,-
2018-07-12,16.000000,16.070000,15.510000,15.960000,15.960000,2080900,1.000627
2018-07-13,15.960000,16.020000,15.650000,15.750000,15.750000,1536800,0.997467
2018-07-16,15.850000,16.445000,15.660000,15.940000,15.940000,1525700,1.012063
2018-07-17,15.950000,16.239000,15.120000,15.170000,15.170000,2422200,-
2018-07-18,15.160000,15.440000,14.690000,15.160000,15.160000,2268200,-
2018-07-19,14.310000,15.510000,14.310000,15.450000,15.450000,2535000,0.96926
2018-07-20,15.380000,15.590000,14.200000,14.380000,14.380000,2108400,0.947924
2018-07-23,14.390000,14.685000,14.300000,14.540000,14.540000,1286800,1.011127
2018-07-24,14.720000,15.150000,14.520000,14.740000,14.740000,1432300,-
2018-07-25,14.740000,15.220000,14.510000,15.110000,15.110000,1516100,-
2018-07-26,15.030000,15.420000,14.920000,15.230000,15.230000,1169700,1.047455
2018-07-27,15.210000,15.500000,14.450000,14.610000,14.610000,1429700,0.99118
2018-07-30,14.530000,14.720000,13.700000,13.850000,13.850000,1838900,0.947981
2018-07-31,13.950000,14.430000,13.931000,14.140000,14.140000,1048100,-
2018-08-01,14.160000,14.330000,13.910000,14.320000,14.320000,1120900,-
2018-08-02,14.280000,14.880000,14.200000,14.770000,14.770000,1118300,1.066426
2018-08-03,14.420000,14.960000,13.420000,13.840000,13.840000,3418400,0.978784
2018-08-06,13.840000,14.170000,13.570000,13.910000,13.910000,1532700,1.005058
2018-08-07,14.000000,14.120000,13.900000,14.020000,14.020000,843000,-
2018-08-08,14.100000,14.410000,13.940000,14.290000,14.290000,1308100,-
2018-08-09,14.500000,14.840000,14.330000,14.340000,14.340000,2249800,1.030913
2018-08-10,12.690000,13.700000,11.800000,13.290000,13.290000,9784700,0.947932
2018-08-13,13.260000,13.580000,12.500000,13.210000,13.210000,4664900,0.99398
2018-08-14,13.230000,13.410000,12.720000,13.160000,13.160000,3034500,-
2018-08-15,12.980000,13.390000,12.856000,13.260000,13.260000,1827300,-
2018-08-16,13.400000,13.600000,13.000000,13.390000,13.390000,2209900,1.013626
2018-08-17,13.380000,13.560000,12.800000,12.970000,12.970000,2090500,0.985562
2018-08-20,13.030000,13.880000,12.860000,13.880000,13.880000,2430400,1.070162
2018-08-21,13.920000,14.380000,13.900000,13.980000,13.980000,2277200,-
2018-08-22,13.930000,14.420000,13.910000,14.320000,14.320000,1708400,-
2018-08-23,14.190000,14.261000,13.450000,13.570000,13.570000,2594200,0.977666
2018-08-24,13.690000,14.160000,13.600000,14.160000,14.160000,1313400,1.012876
2018-08-27,14.120000,14.340000,13.745000,13.970000,13.970000,2758000,0.986582
2018-08-28,14.020000,14.099000,13.171000,13.390000,13.390000,2210100,-
2018-08-29,13.420000,13.770000,13.270000,13.520000,13.520000,1275400,-
2018-08-30,13.460000,13.500000,13.010000,13.100000,13.100000,1573700,0.937724
2018-08-31,13.050000,13.370000,13.020000,13.120000,13.120000,1332400,0.979836
2018-09-04,13.100000,13.330000,12.720000,12.780000,12.780000,1748800,-
2018-09-05,12.760000,12.790000,12.180000,12.640000,12.640000,1558800,-
2018-09-06,12.710000,12.710000,12.245000,12.330000,12.330000,1115900,-
2018-09-07,12.250000,12.520000,12.180000,12.260000,12.260000,1015600,0.959311
2018-09-10,12.260000,12.265000,11.910000,11.950000,11.950000,1286400,0.974715
2018-09-11,12.880000,13.370000,12.480000,12.700000,12.700000,3687900,-
2018-09-12,12.610000,13.200000,12.610000,13.100000,13.100000,1382300,-
2018-09-13,12.835000,13.380000,12.831000,13.090000,13.090000,950900,1.095397
2018-09-14,13.050000,13.240000,12.950000,13.130000,13.130000,997300,1.033858
2018-09-17,13.070000,13.190000,12.480000,12.560000,12.560000,1298200,0.956588
2018-09-18,12.500000,13.060000,12.490000,12.890000,12.890000,881800,-
2018-09-19,12.900000,13.040000,12.590000,12.750000,12.750000,855700,-
2018-09-20,12.800000,13.180000,12.750000,12.840000,12.840000,1149000,1.022293
2018-09-21,12.840000,13.039000,12.483000,12.500000,12.500000,2281300,0.969744
2018-09-24,12.500000,12.695000,12.358000,12.510000,12.510000,1561200,1.0008
2018-09-25,12.500000,12.605000,12.250000,12.520000,12.520000,1226400,-
2018-09-26,12.490000,12.570000,12.405000,12.460000,12.460000,869800,-
2018-09-27,12.400000,12.500000,11.900000,12.070000,12.070000,2493600,0.964828
2018-09-28,12.050000,12.810000,12.000000,12.440000,12.440000,2162200,0.99361
2018-10-01,12.480000,12.575000,11.980000,12.240000,12.240000,1681600,0.983923
2018-10-02,12.380000,13.767000,12.370000,13.540000,13.540000,2816200,-
2018-10-03,13.540000,13.540000,12.600000,12.850000,12.850000,2134200,-
2018-10-04,12.760000,13.040000,12.330000,12.590000,12.590000,1193700,1.028595
2018-10-05,12.580000,12.800000,12.330000,12.480000,12.480000,1495900,0.921713
2018-10-08,12.350000,12.410000,11.690000,11.990000,11.990000,1160100,0.960737
2018-10-09,12.020000,12.280000,11.890000,12.120000,12.120000,1075400,-
2018-10-10,12.030000,12.150000,11.120000,11.190000,11.190000,1546200,-
2018-10-11,11.090000,11.800000,10.955000,11.380000,11.380000,2048200,0.949124
2018-10-12,11.800000,12.220000,11.510000,12.220000,12.220000,1459500,1.008251
2018-10-15,12.110000,12.470000,12.020000,12.410000,12.410000,1050200,1.015548
2018-10-16,12.540000,13.265000,12.500000,13.160000,13.160000,1933400,-
2018-10-17,13.110000,13.150000,12.640000,13.050000,13.050000,1144800,-
2018-10-18,12.920000,13.150000,12.570000,12.720000,12.720000,775800,1.02498
2018-10-19,12.830000,12.990000,12.330000,12.730000,12.730000,1080400,0.967325
2018-10-22,12.730000,12.980000,12.620000,12.790000,12.790000,937200,1.004713
2018-10-23,12.510000,12.550000,11.845000,12.380000,12.380000,1185400,-
2018-10-24,12.370000,12.700000,11.720000,11.750000,11.750000,1209800,-
2018-10-25,11.760000,12.050000,11.415000,11.860000,11.860000,1925600,0.927287
2018-10-26,11.620000,11.900000,11.300000,11.440000,11.440000,1110900,0.924071
2018-10-29,11.560000,11.970000,11.260000,11.500000,11.500000,1094700,1.005245
2018-10-30,11.500000,11.970000,11.440000,11.960000,11.960000,872800,-
2018-10-31,12.190000,12.401000,11.863000,12.260000,12.260000,1124400,-
2018-11-01,12.260000,12.640000,11.680000,12.600000,12.600000,1174700,1.095652
2018-11-02,12.680000,13.200000,12.540000,13.120000,13.120000,1370500,1.09699
2018-11-05,13.000000,13.080000,12.520000,12.660000,12.660000,1259900,0.964939
2018-11-06,12.730000,13.070000,12.580000,12.970000,12.970000,896600,-
2018-11-07,13.220000,13.330000,12.890000,13.190000,13.190000,1557500,-
2018-11-08,12.470000,13.500000,12.400000,12.590000,12.590000,2165700,0.994471
2018-11-09,12.470000,12.590000,12.210000,12.300000,12.300000,803700,0.948342
2018-11-12,12.300000,12.750000,12.060000,12.440000,12.440000,955100,1.011382
2018-11-13,12.480000,12.730000,12.020000,12.130000,12.130000,1056000,-
2018-11-14,12.270000,12.615000,12.110000,12.590000,12.590000,925300,-
2018-11-15,12.420000,13.180000,12.220000,13.120000,13.120000,1415200,1.054662
2018-11-16,13.040000,13.180000,12.550000,13.070000,13.070000,1422300,1.077494
2018-11-19,12.770000,12.980000,12.390000,12.790000,12.790000,1411200,0.978577
2018-11-20,12.510000,12.510000,11.600000,11.800000,11.800000,1401800,-
2018-11-21,11.870000,12.324000,11.780000,12.290000,12.290000,863900,-
2018-11-23,12.140000,12.655000,12.010000,12.420000,12.420000,365800,1.052542
2018-11-26,12.600000,13.030000,12.520000,13.030000,13.030000,1075700,1.049114
2018-11-27,13.090000,14.149000,13.050000,14.110000,14.110000,3331200,-
2018-11-28,14.090000,14.600000,13.900000,14.530000,14.530000,2903200,-
2018-11-29,14.380000,14.700000,14.310000,14.700000,14.700000,2199300,1.128166
2018-11-30,14.550000,14.731000,14.180000,14.650000,14.650000,2055900,1.038271
2018-12-03,15.000000,15.000000,14.530000,14.910000,14.910000,1885600,1.017747
2018-12-04,14.890000,14.950000,14.130000,14.280000,14.280000,1824300,-
2018-12-06,14.080000,14.630000,13.710000,14.610000,14.610000,1304300,0.979879
2018-12-07,14.620000,14.880000,13.820000,13.960000,13.960000,1206000,0.977591
2018-12-10,13.960000,14.320000,13.660000,14.140000,14.140000,1168000,1.012894
2018-12-11,14.430000,14.480000,13.880000,14.120000,14.120000,930600,-
2018-12-12,14.340000,14.560000,13.910000,14.410000,14.410000,1087100,-
2018-12-13,14.630000,14.870000,14.080000,14.260000,14.260000,1257200,1.008487
2018-12-14,14.130000,14.130000,12.710000,13.020000,13.020000,1772800,0.922096
2018-12-17,12.760000,13.230000,12.530000,13.110000,13.110000,1955600,1.006912
2018-12-18,13.330000,13.515000,12.180000,12.400000,12.400000,1489800,-
2018-12-19,12.330000,12.770000,11.800000,11.940000,11.940000,1324300,-
2018-12-20,11.970000,11.970000,8.810000,10.480000,10.480000,5851400,0.79939
2018-12-21,10.490000,10.967000,10.340000,10.900000,10.900000,3135700,0.879032
2018-12-24,10.430000,10.680000,9.950000,10.520000,10.520000,1540900,0.965138
2018-12-26,10.650000,11.200000,10.400000,11.160000,11.160000,1585400,-
2018-12-27,11.000000,11.120000,10.265000,10.910000,10.910000,1372600,1.037072
2018-12-28,10.910000,11.140000,10.463000,10.600000,10.600000,1539600,-
2018-12-31,10.720000,10.910000,10.465000,10.890000,10.890000,1220300,1.027358
2019-01-02,10.580000,10.990000,10.100000,10.980000,10.980000,1017900,-
2019-01-03,10.830000,11.060000,9.560000,9.780000,9.780000,2469000,0.898072
2019-01-04,9.950000,10.597000,9.950000,10.380000,10.380000,1531700,-
2019-01-07,10.370000,10.800000,10.150000,10.560000,10.560000,1209500,1.017341
2019-01-08,10.610000,10.980000,10.410000,10.710000,10.710000,1441400,-
2019-01-09,10.760000,11.610000,10.730000,11.470000,11.470000,1832700,-
2019-01-10,11.290000,11.540000,11.010000,11.510000,11.510000,854200,1.089962
2019-01-11,11.490000,11.740000,11.224000,11.650000,11.650000,1135400,1.087768
2019-01-14,11.540000,11.870000,11.400000,11.730000,11.730000,948700,1.006867
2019-01-15,11.750000,11.890000,11.540000,11.740000,11.740000,656400,-
2019-01-16,11.790000,12.000000,11.610000,11.690000,11.690000,1026000,-
2019-01-17,11.620000,12.140000,11.520000,12.070000,12.070000,895900,1.028986
2019-01-18,12.120000,12.230000,11.860000,12.160000,12.160000,782500,1.035775
2019-01-22,12.070000,12.280000,11.760000,11.780000,11.780000,835700,-
2019-01-23,11.860000,12.170000,11.690000,11.920000,11.920000,643100,-
2019-01-24,11.900000,12.230000,11.900000,12.010000,12.010000,602300,-
2019-01-25,12.160000,12.307000,12.020000,12.190000,12.190000,780300,1.034805
2019-01-28,11.990000,12.360000,11.930000,12.240000,12.240000,1086600,1.004102
2019-01-29,12.320000,12.350000,12.110000,12.230000,12.230000,734100,-
2019-01-30,12.370000,12.490000,12.170000,12.400000,12.400000,585300,-
2019-01-31,12.420000,13.300000,12.410000,13.300000,13.300000,1852200,1.086601
2019-02-01,13.120000,13.640000,13.120000,13.320000,13.320000,1168400,1.089125
2019-02-04,13.320000,13.690000,13.210000,13.660000,13.660000,776000,1.025526
2019-02-05,13.690000,14.140000,13.620000,13.920000,13.920000,1433300,-
2019-02-06,13.960000,14.450000,13.908000,14.330000,14.330000,1170600,-
2019-02-07,14.260000,14.610000,14.120000,14.600000,14.600000,1252200,1.068814
2019-02-08,14.510000,14.771000,14.340000,14.680000,14.680000,974200,1.054598
2019-02-11,14.740000,15.180000,14.581000,14.900000,14.900000,1753600,1.014986
2019-02-12,14.900000,15.000000,14.770000,14.930000,14.930000,783500,-
2019-02-13,15.010000,15.240000,14.880000,15.150000,15.150000,1049800,-
2019-02-14,14.970000,15.440000,14.360000,15.100000,15.100000,1641800,1.013423
2019-02-15,15.170000,15.280000,15.050000,15.260000,15.260000,777300,1.022103
2019-02-19,15.500000,15.550000,15.300000,15.470000,15.470000,1483000,-
2019-02-20,15.440000,15.740000,15.220000,15.460000,15.460000,1497100,-
2019-02-21,15.500000,15.590000,15.260000,15.500000,15.500000,886300,-
2019-02-22,15.580000,15.940000,15.410000,15.820000,15.820000,1140000,1.022624
2019-02-25,16.000000,16.030001,15.540000,15.710000,15.710000,1147600,0.993047
2019-02-26,15.660000,15.780000,15.440000,15.640000,15.640000,1360500,-
2019-02-27,15.520000,15.710000,15.210000,15.590000,15.590000,1174300,-
2019-02-28,15.530000,15.850000,15.450000,15.510000,15.510000,2262900,0.987269
2019-03-01,16.049999,16.250000,15.610000,15.960000,15.960000,2714400,1.02046
2019-03-04,16.100000,17.091999,15.970000,16.299999,16.299999,3179400,1.021303
2019-03-05,16.309999,16.620001,15.540000,15.570000,15.570000,2239300,-
2019-03-06,15.650000,16.000000,15.155000,15.210000,15.210000,1652200,-
2019-03-07,15.120000,15.195000,14.760000,14.830000,14.830000,1220500,0.909816
2019-03-08,14.370000,14.810000,14.260000,14.730000,14.730000,1099200,0.94605
2019-03-11,14.770000,15.127000,14.730000,14.860000,14.860000,1184600,1.008826
2019-03-12,14.940000,15.050000,14.710000,14.730000,14.730000,848600,-
2019-03-13,14.780000,14.940000,14.540000,14.730000,14.730000,1064400,-
2019-03-14,14.780000,14.790000,14.350000,14.570000,14.570000,806600,0.980485
2019-03-15,14.570000,14.900000,14.400000,14.770000,14.770000,1284200,1.002716
2019-03-18,14.800000,15.060000,14.650000,14.830000,14.830000,960800,1.004062
2019-03-19,14.880000,14.970000,14.615000,14.680000,14.680000,712600,-
2019-03-20,14.580000,15.040000,14.560000,14.850000,14.850000,1097300,-
2019-03-21,14.810000,15.130000,14.690000,15.100000,15.100000,976400,1.018206
2019-03-22,15.000000,15.080000,14.230000,14.250000,14.250000,1248900,0.970708
2019-03-25,14.200000,14.410000,14.010000,14.080000,14.080000,680800,0.98807
2019-03-26,14.220000,14.319000,14.040000,14.230000,14.230000,668200,-
2019-03-27,14.230000,14.330000,13.730000,14.230000,14.230000,934800,-
2019-03-28,14.250000,14.330000,13.960000,14.270000,14.270000,785100,1.013494
2019-03-29,14.370000,14.480000,13.990000,14.060000,14.060000,1020500,0.988053
2019-04-01,14.240000,14.380000,13.950000,14.180000,14.180000,691700,1.008535
2019-04-02,14.150000,14.360000,14.050000,14.220000,14.220000,557100,-
2019-04-03,14.320000,14.945000,14.270000,14.870000,14.870000,1040000,-
2019-04-04,14.840000,14.970000,14.700000,14.820000,14.820000,781600,1.045134
2019-04-05,14.900000,15.400000,14.830000,15.240000,15.240000,1162700,1.07173
2019-04-08,15.200000,15.410000,14.990000,15.390000,15.390000,613200,1.009843
2019-04-09,15.330000,15.540000,14.920000,14.960000,14.960000,712400,-
2019-04-10,15.050000,16.059999,15.050000,15.840000,15.840000,1294500,-
2019-04-11,15.810000,16.170000,15.690000,15.860000,15.860000,1169500,1.030539
2019-04-12,15.990000,16.100000,15.570000,15.680000,15.680000,716100,1.048128
2019-04-15,15.630000,15.890000,15.490000,15.620000,15.620000,619000,0.996173
2019-04-16,15.750000,16.150000,15.610000,16.080000,16.080000,766300,-
2019-04-17,16.150000,16.530001,16.030001,16.510000,16.510000,961200,-
2019-04-18,16.490000,16.740000,16.170000,16.270000,16.270000,866800,1.041613
2019-04-22,16.200001,16.299999,15.900000,16.270000,16.270000,533900,-
2019-04-23,16.260000,16.900000,16.110001,16.690001,16.690001,1027600,-
2019-04-24,16.719999,17.020000,16.690001,16.910000,16.910000,920200,-
2019-04-25,17.010000,17.440001,16.790001,16.930000,16.930000,1234200,1.040565
2019-04-26,16.959999,17.120001,16.740000,17.100000,17.100000,725300,1.024566
2019-04-29,17.180000,17.309999,17.059999,17.129999,17.129999,810700,1.001754
2019-04-30,16.340000,16.500000,14.790000,15.210000,15.210000,2583700,-
2019-05-01,15.410000,15.570000,14.900000,15.340000,15.340000,1167100,-
2019-05-02,15.320000,15.460000,14.900000,15.440000,15.440000,893100,0.901343
2019-05-03,15.500000,16.084999,15.500000,16.000000,16.000000,1167800,1.05194
2019-05-06,15.600000,16.520000,15.510000,16.459999,16.459999,1037000,1.02875
2019-05-07,16.690001,16.959999,16.500000,16.750000,16.750000,1252400,-
2019-05-08,16.830000,16.910000,16.430000,16.600000,16.600000,1640600,-
2019-05-09,15.120000,15.930000,14.105000,15.530000,15.530000,2534700,0.943499
2019-05-10,15.440000,15.530000,14.750000,15.070000,15.070000,1422500,0.899701
2019-05-13,14.830000,14.906000,14.160000,14.300000,14.300000,1256900,0.948905
2019-05-14,14.340000,14.980000,14.340000,14.770000,14.770000,1015200,-
2019-05-15,14.550000,14.870000,14.510000,14.780000,14.780000,617700,-
2019-05-16,15.220000,16.200001,15.110000,16.070000,16.070000,1727900,1.123776
2019-05-17,15.710000,15.900000,15.520000,15.800000,15.800000,1115300,1.069736
2019-05-20,15.500000,15.920000,15.290000,15.710000,15.710000,699700,0.994304
2019-05-21,15.950000,16.889999,15.950000,16.620001,16.620001,1468200,-
2019-05-22,16.500000,16.860001,16.500000,16.700001,16.700001,733800,-
2019-05-23,15.900000,16.270000,15.215000,15.450000,15.450000,1573600,0.98345
2019-05-24,15.610000,15.960000,15.350000,15.640000,15.640000,505000,0.941035
2019-05-28,14.950000,15.630000,14.920000,15.490000,15.490000,955400,-
2019-05-29,15.390000,15.790000,15.191000,15.580000,15.580000,673300,-
2019-05-30,15.570000,16.129999,15.570000,15.950000,15.950000,842800,-
2019-05-31,15.590000,15.710000,15.230000,15.660000,15.660000,858600,1.010975
2019-06-03,15.660000,16.180000,15.570000,15.890000,15.890000,793500,1.014687
2019-06-04,16.120001,16.309999,15.690000,16.000000,16.000000,1014000,-
2019-06-05,16.070000,16.240000,15.678000,16.180000,16.180000,707700,-
2019-06-06,16.180000,16.240000,15.810000,16.190001,16.190001,506400,1.01888
2019-06-07,16.340000,16.760000,16.290001,16.340000,16.340000,923400,1.02125
2019-06-10,16.469999,17.000000,16.459999,16.600000,16.600000,1399300,1.015912
2019-06-11,16.799999,17.000000,16.180000,16.510000,16.510000,950000,-
2019-06-12,16.170000,16.700001,16.100000,16.299999,16.299999,572900,-
2019-06-13,16.360001,17.000000,16.360001,16.900000,16.900000,809400,1.018072
2019-06-14,16.959999,16.959999,16.290001,16.459999,16.459999,684600,0.996971
2019-06-17,16.430000,17.127001,16.270000,17.090000,17.090000,1252600,1.038275
2019-06-18,18.000000,18.750000,17.469999,18.270000,18.270000,4233400,-
2019-06-19,18.299999,18.500000,17.110001,18.260000,18.260000,2617600,-
2019-06-20,18.320000,19.280001,18.309999,18.750000,18.750000,2982000,1.097133
2019-06-21,18.559999,18.840000,18.000000,18.520000,18.520000,2034900,1.013684
2019-06-24,18.700001,18.945000,18.469999,18.680000,18.680000,2136700,1.008639
2019-06-25,18.780001,18.799999,18.010000,18.299999,18.299999,1762100,-
2019-06-26,18.480000,18.840000,18.299999,18.379999,18.379999,1008000,-
2019-06-27,18.250000,18.695000,18.080000,18.600000,18.600000,1612300,0.995717
2019-06-28,18.799999,18.844999,18.420000,18.760000,18.760000,6461400,1.025137
2019-07-01,19.110001,20.000000,18.740000,19.830000,19.830000,5219900,1.057036
2019-07-02,19.889999,20.469999,19.480000,20.330000,20.330000,3577300,-
2019-07-03,20.480000,20.670000,20.000000,20.219999,20.219999,1201000,-
2019-07-05,20.100000,20.299999,19.309999,20.209999,20.209999,1508500,0.994097
2019-07-08,20.100000,20.215000,19.673000,19.820000,19.820000,1106300,0.980703
2019-07-09,19.780001,20.170000,19.510000,19.870001,19.870001,1503900,-
2019-07-10,20.030001,20.250000,19.299999,19.889999,19.889999,1439800,-
2019-07-11,19.980000,20.049999,19.549999,19.639999,19.639999,852700,0.990918
2019-07-12,19.730000,20.080000,19.580000,19.910000,19.910000,764700,1.002013
2019-07-15,19.920000,20.250000,19.500000,19.719999,19.719999,955000,0.990457
2019-07-16,19.719999,20.430000,19.677999,20.219999,20.219999,1185400,-
2019-07-17,20.620001,21.420000,20.350000,20.389999,20.389999,2569400,-
2019-07-18,20.320000,20.430000,19.629999,19.980000,19.980000,1747400,1.013185
2019-07-19,20.090000,20.459999,19.709999,19.770000,19.770000,1668300,0.977745
2019-07-22,19.799999,20.280001,19.610001,19.889999,19.889999,1063200,1.00607
2019-07-23,19.870001,19.889999,17.580000,18.790001,18.790001,3918000,-
2019-07-24,18.760000,18.990000,18.340000,18.700001,18.700001,1458400,-
2019-07-25,18.770000,19.120001,18.570000,18.740000,18.740000,1284500,0.942182
2019-07-26,18.719999,18.938000,18.469999,18.770000,18.770000,963600,0.998936
2019-07-29,18.690001,18.730000,17.600000,18.639999,18.639999,2123200,0.993074
2019-07-30,18.590000,19.129999,18.450001,19.120001,19.120001,1199300,-
2019-07-31,19.240000,19.490000,18.719999,19.049999,19.049999,1980100,-
2019-08-01,19.420000,20.809999,19.080000,19.629999,19.629999,4144300,1.053112
2019-08-02,19.500000,19.830000,19.020000,19.490000,19.490000,1851300,1.019351
2019-08-05,18.610001,18.903000,18.080000,18.379999,18.379999,1833900,0.943048
2019-08-06,18.590000,19.080000,18.379999,18.719999,18.719999,1340500,-
2019-08-07,19.400000,20.200001,18.950001,19.980000,19.980000,4189300,-
2019-08-08,18.410000,19.190001,17.761000,18.740000,18.740000,5078300,1.019587
2019-08-09,18.219999,18.500000,16.030001,16.360001,16.360001,4476600,0.873932
2019-08-12,16.230000,16.469999,15.639000,16.010000,16.010000,2300600,0.978606
2019-08-13,15.950000,16.530001,15.560000,16.139999,16.139999,2105300,-
2019-08-14,15.790000,15.890000,14.740000,15.130000,15.130000,3767800,-
2019-08-15,15.230000,15.235000,14.590000,14.690000,14.690000,1789900,0.917552
2019-08-16,14.900000,15.590000,14.880000,15.390000,15.390000,2037900,0.953532
2019-08-19,15.690000,15.925000,15.420000,15.770000,15.770000,1666100,1.024691
2019-08-20,16.299999,16.299999,15.525000,15.890000,15.890000,1732500,-
2019-08-21,16.190001,16.200001,15.420000,15.650000,15.650000,1615700,-
2019-08-22,15.780000,15.850000,15.170000,15.470000,15.470000,1243800,0.980977
2019-08-23,15.290000,15.440000,14.550000,14.660000,14.660000,1458800,0.922593
2019-08-26,14.900000,15.240000,14.690000,15.180000,15.180000,1445100,1.035471
2019-08-27,15.320000,15.452000,14.730000,14.840000,14.840000,1155600,-
2019-08-28,14.710000,15.100000,14.600000,14.820000,14.820000,1411500,-
2019-08-29,14.970000,15.250000,14.880000,15.170000,15.170000,1035800,0.999341
2019-08-30,15.270000,15.390000,15.040000,15.330000,15.330000,1780600,1.033019
2019-09-03,15.310000,15.560000,14.675000,14.790000,14.790000,1546100,-
2019-09-04,15.080000,15.410000,14.900000,15.330000,15.330000,1141800,-
2019-09-05,15.510000,15.800000,15.235000,15.300000,15.300000,1253300,-
2019-09-06,15.300000,15.452000,14.980000,15.030000,15.030000,813200,1.016227
2019-09-09,15.050000,15.365000,14.800000,14.950000,14.950000,1777900,0.994677
2019-09-10,14.960000,15.141000,14.620000,14.930000,14.930000,1567200,-
2019-09-11,14.930000,15.680000,14.920000,15.640000,15.640000,1536200,-
2019-09-12,15.790000,15.930000,15.410000,15.830000,15.830000,1165500,1.058863
2019-09-13,15.900000,16.150000,15.750000,15.960000,15.960000,1305100,1.068989
2019-09-16,15.960000,16.639999,15.920000,16.459999,16.459999,2313100,1.031328
2019-09-17,16.530001,17.530001,16.400000,17.480000,17.480000,2262400,-
2019-09-18,17.480000,17.570000,17.100000,17.370001,17.370001,1749300,-
2019-09-19,17.330000,17.695000,17.330000,17.459999,17.459999,1287800,1.060753
2019-09-20,17.430000,17.625000,17.160000,17.299999,17.299999,2310800,0.989702
2019-09-23,17.219999,17.670000,17.000000,17.540001,17.540001,1488000,1.013873
2019-09-24,17.510000,17.629999,16.500000,16.680000,16.680000,3110800,-
2019-09-25,16.799999,17.010000,16.330000,16.930000,16.930000,1775500,-
2019-09-26,16.910000,17.700001,16.424999,16.639999,16.639999,4395800,0.948689
2019-09-27,16.600000,16.730000,15.860000,16.139999,16.139999,2164600,0.967626
2019-09-30,16.209999,16.860001,15.930000,16.705000,16.705000,1681800,1.035006
2019-10-01,16.719999,17.120001,16.184999,16.260000,16.260000,1333900,-
2019-10-02,15.990000,16.000000,15.445000,15.500000,15.500000,1670800,-
2019-10-03,15.520000,15.780000,15.020000,15.770000,15.770000,1121200,0.944029
2019-10-04,15.980000,16.240000,15.630000,16.219999,16.219999,1083300,0.99754
2019-10-07,16.160000,16.673000,15.910000,16.520000,16.520000,2281200,1.018496
2019-10-08,16.270000,16.740000,16.183001,16.549999,16.549999,1997600,-
2019-10-09,16.780001,16.889999,16.490000,16.684999,16.684999,1039500,-
2019-10-10,16.690001,17.180000,16.670000,16.940001,16.940001,1060300,1.025424
2019-10-11,17.360001,17.950001,17.309999,17.510000,17.510000,1635700,1.058006
2019-10-14,17.469999,17.549999,17.080000,17.209999,17.209999,808300,0.982867
2019-10-15,17.160000,17.368999,17.000000,17.215000,17.215000,876700,-
2019-10-16,17.000000,17.350000,16.830000,16.934999,16.934999,1124900,-
2019-10-17,17.059999,17.260000,16.639999,16.770000,16.770000,812600,0.974434
2019-10-18,16.700001,17.290001,16.570000,17.000000,17.000000,1602300,0.987511
2019-10-21,17.160000,17.340000,16.750000,17.049999,17.049999,1204000,1.002941
2019-10-22,17.000000,17.000000,15.250000,15.260000,15.260000,2258900,-
2019-10-23,15.310000,16.000000,15.250000,15.930000,15.930000,2001400,-
2019-10-24,16.059999,16.059999,15.340000,15.670000,15.670000,1191500,0.919062
2019-10-25,15.580000,15.760000,15.096000,15.240000,15.240000,1256600,0.998689
2019-10-28,15.430000,16.070000,15.400000,15.860000,15.860000,1335600,1.040682
2019-10-29,15.780000,16.145000,15.540000,15.970000,15.970000,1229700,-
2019-10-30,15.950000,15.980000,15.450000,15.860000,15.860000,959500,-
2019-10-31,15.870000,16.100000,15.300000,15.540000,15.540000,1095100,0.979823
2019-11-01,15.630000,15.830000,15.500000,15.590000,15.590000,950700,0.976205
2019-11-04,15.800000,15.940000,14.880000,14.915000,14.915000,1749400,0.956703
2019-11-05,14.970000,15.140000,14.460000,14.950000,14.950000,1650300,-
2019-11-06,14.930000,15.355000,14.730000,14.850000,14.850000,1169100,-
2019-11-07,14.960000,15.260000,14.730000,14.770000,14.770000,2359000,0.990278
2019-11-08,14.760000,15.080000,14.700000,14.740000,14.740000,1836200,0.985953
2019-11-11,14.850000,15.260000,14.300000,14.430000,14.430000,2087200,0.978969
2019-11-12,14.440000,14.700000,14.130000,14.485000,14.485000,2606600,-
2019-11-13,14.880000,14.880000,12.900000,13.770000,13.770000,6213200,-
2019-11-14,13.880000,14.480000,13.880000,14.400000,14.400000,3313400,0.997921
2019-11-15,14.540000,14.840000,14.310000,14.710000,14.710000,2724900,1.015533
2019-11-18,14.640000,14.710000,14.250000,14.440000,14.440000,1761200,0.981645
2019-11-19,14.460000,14.525000,14.020000,14.090000,14.090000,1645400,-
2019-11-20,14.050000,14.050000,13.470000,13.540000,13.540000,2815000,-
2019-11-21,13.490000,13.725000,13.260000,13.420000,13.420000,1445100,0.929363
2019-11-22,13.470000,13.630000,13.410000,13.490000,13.490000,1097600,0.957417
2019-11-25,13.500000,13.870000,13.470000,13.750000,13.750000,1103500,1.019274
2019-11-26,13.740000,13.895000,13.641000,13.790000,13.790000,1024600,-
2019-11-27,14.000000,14.250000,13.910000,13.990000,13.990000,1280400,-
2019-11-29,13.810000,14.090000,13.800000,13.880000,13.880000,717300,1.006526
2019-12-02,13.890000,13.955000,13.500000,13.550000,13.550000,937700,0.976225
2019-12-03,13.400000,13.551000,13.100000,13.510000,13.510000,1269400,-
2019-12-04,13.670000,13.810000,13.320000,13.350000,13.350000,1088400,-
2019-12-05,13.430000,13.580000,13.200000,13.210000,13.210000,1195000,0.974908
2019-12-06,13.320000,13.625000,13.260000,13.620000,13.620000,1552800,1.008142
2019-12-09,13.520000,13.740000,13.260000,13.310000,13.310000,1394200,0.977239
2019-12-10,13.330000,13.390000,13.120000,13.260000,13.260000,1603700,-
2019-12-11,13.280000,13.570000,13.155000,13.190000,13.190000,1149800,-
2019-12-12,13.220000,14.190000,13.200000,14.170000,14.170000,2404900,1.064613
2019-12-13,14.030000,14.340000,13.800000,13.940000,13.940000,2092500,1.051282
2019-12-16,13.960000,14.790000,13.940000,14.260000,14.260000,2687500,1.022956
2019-12-17,14.350000,14.630000,14.187000,14.290000,14.290000,2163800,-
2019-12-18,14.360000,14.715000,14.260000,14.670000,14.670000,1789100,-
2019-12-19,14.550000,14.870000,14.460000,14.790000,14.790000,1869700,1.037167
2019-12-20,14.840000,14.905000,14.255000,14.370000,14.370000,2274000,1.005598
2019-12-23,14.500000,14.520000,14.180000,14.400000,14.400000,1327600,1.002088
2019-12-24,14.450000,14.665000,14.410000,14.590000,14.590000,585000,-
2019-12-26,14.660000,14.710000,14.400000,14.550000,14.550000,639200,1.010417
2019-12-27,14.530000,14.620000,14.085000,14.160000,14.160000,841100,0.970528
2019-12-30,14.160000,14.385000,13.690000,13.740000,13.740000,1541300,0.970339
2019-12-31,13.730000,13.890000,13.590000,13.810000,13.810000,1169300,-
2020-01-02,13.990000,14.190000,13.770000,14.185000,14.185000,1144700,1.032387
2020-01-03,14.000000,14.515000,13.770000,14.370000,14.370000,1080500,1.04055
2020-01-06,14.240000,14.420000,13.660000,14.380000,14.380000,1456900,1.000696
2020-01-07,14.370000,14.710000,14.270000,14.700000,14.700000,966000,-
2020-01-08,14.670000,14.780000,14.460000,14.640000,14.640000,1889800,-
2020-01-09,14.710000,15.190000,14.580000,15.000000,15.000000,1530100,1.043115
2020-01-10,15.150000,15.179000,14.800000,14.910000,14.910000,1007700,1.014286
2020-01-13,14.900000,15.270000,14.760000,15.240000,15.240000,1512000,1.022133
2020-01-14,15.100000,15.550000,15.059000,15.270000,15.270000,1748100,-
2020-01-15,15.190000,15.317000,15.050000,15.190000,15.190000,1167500,-
2020-01-16,15.710000,16.625000,15.650000,16.600000,16.600000,3161300,1.089239
2020-01-17,16.830000,17.469999,16.760000,17.180000,17.180000,3455500,1.125082
2020-01-21,17.209999,17.520000,16.830000,17.370001,17.370001,2041100,-
2020-01-22,17.510000,17.540001,16.760000,16.850000,16.850000,1640200,-
2020-01-23,16.670000,17.070000,16.385000,16.955000,16.955000,1259200,-
2020-01-24,17.070000,17.070000,16.610001,16.790001,16.790001,1285000,0.966609
2020-01-27,16.400000,16.639999,16.200001,16.330000,16.330000,1033800,0.972603
2020-01-28,16.480000,16.980000,16.305000,16.959999,16.959999,942300,-
2020-01-29,17.080000,17.100000,16.809999,16.950001,16.950001,878100,-
2020-01-30,17.900000,17.930000,17.330000,17.480000,17.480000,7953100,1.070423
2020-01-31,17.240000,17.459999,16.879999,17.030001,17.030001,3539800,1.004127
2020-02-03,17.059999,17.690001,16.950001,17.540001,17.540001,18257600,1.029947
2020-02-04,17.860001,18.320000,17.680000,18.250000,18.250000,3024100,-
2020-02-05,18.500000,19.030001,18.360001,18.990000,18.990000,3191000,-
2020-02-06,19.110001,19.434999,18.850000,19.129999,19.129999,2274300,1.09065
2020-02-07,19.000000,19.110001,18.820000,18.950001,18.950001,1206100,1.038356
2020-02-10,18.889999,20.000000,18.889999,19.959999,19.959999,2357100,1.053298
2020-02-11,20.000000,20.620001,19.719999,20.129999,20.129999,3072700,-
2020-02-12,20.410000,21.500000,20.250000,21.299999,21.299999,3770200,-
2020-02-13,20.990000,21.500000,20.730000,21.299999,21.299999,2442100,1.067134
2020-02-14,21.209999,21.565001,20.910000,21.420000,21.420000,2084200,1.064084
2020-02-18,21.360001,22.379999,21.340000,21.770000,21.770000,4906900,-
2020-02-19,21.420000,22.709999,21.059999,22.480000,22.480000,4271500,-
2020-02-20,23.000000,23.660000,22.631001,23.400000,23.400000,4191800,-
2020-02-21,22.250000,22.620001,21.510000,21.950001,21.950001,4803300,1.008268
2020-02-24,20.750000,22.320000,19.250000,22.129999,22.129999,3116100,1.0082
2020-02-25,22.760000,22.870001,20.709999,20.799999,20.799999,3447900,-
2020-02-26,21.090000,21.620001,20.275000,20.910000,20.910000,3162400,-
2020-02-27,20.170000,21.059999,19.150000,20.270000,20.270000,3942700,0.915951
2020-02-28,17.240000,19.540001,16.250000,19.340000,19.340000,4840200,0.929808
2020-03-02,19.459999,19.559999,18.340000,19.360001,19.360001,3354200,1.001034
2020-03-03,19.650000,20.510000,19.209999,19.514999,19.514999,2919900,-
2020-03-04,19.930000,20.889999,19.809999,20.799999,20.799999,1862100,-
2020-03-05,20.320000,21.629999,20.108000,21.299999,21.299999,2724000,1.100207
2020-03-06,20.680000,21.030001,19.690001,20.219999,20.219999,2200900,1.036126
2020-03-09,17.750000,18.620001,16.379999,16.790001,16.790001,3431200,0.830366
2020-03-10,17.809999,17.809999,15.950000,16.719999,16.719999,3061100,-
2020-03-11,16.129999,16.309999,14.210000,15.050000,15.050000,4237900,-
2020-03-12,13.710000,13.750000,11.615000,11.680000,11.680000,5513000,0.695652
2020-03-13,12.940000,13.380000,10.250000,11.200000,11.200000,4773100,0.669856
2020-03-16,9.840000,10.720000,8.355000,9.490000,9.490000,5122800,0.847321
2020-03-17,9.870000,10.030000,7.835000,9.920000,9.920000,5752500,-
2020-03-18,9.030000,9.320000,8.035000,8.900000,8.900000,4295800,-
2020-03-19,8.800000,9.560000,8.500000,9.110000,9.110000,3778100,0.959958
2020-03-20,9.340000,10.025000,8.220000,8.360000,8.360000,3934500,0.842742
2020-03-23,8.430000,9.250000,7.835000,9.020000,9.020000,3184800,1.078947
2020-03-24,9.770000,11.370000,9.630000,11.160000,11.160000,3398900,-
2020-03-25,11.900000,13.570000,10.800000,12.160000,12.160000,4866500,-
2020-03-26,12.270000,12.940000,11.780000,12.380000,12.380000,2514200,1.372506
2020-03-27,11.720000,11.790000,10.120000,10.220000,10.220000,2454800,0.915771
2020-03-30,10.320000,10.484000,9.540000,9.810000,9.810000,2054500,0.959883
2020-03-31,9.810000,10.548000,9.510000,10.100000,10.100000,2158300,-
2020-04-01,9.550000,9.690000,9.000000,9.320000,9.320000,2179300,-
2020-04-02,9.400000,10.050000,8.930000,9.800000,9.800000,2062600,0.998981
2020-04-03,9.690000,9.930000,8.750000,8.850000,8.850000,2264600,0.876238
2020-04-06,9.470000,10.070000,9.390000,9.980000,9.980000,2226700,1.127684
2020-04-07,11.400000,11.790000,10.500000,10.570000,10.570000,3078600,-
2020-04-08,10.830000,11.580000,10.530000,11.470000,11.470000,2260800,-
2020-04-09,12.000000,12.640000,11.270000,11.730000,11.730000,2662500,1.175351
2020-04-13,11.620000,11.819000,11.000000,11.100000,11.100000,1693000,-
2020-04-14,11.430000,12.130000,11.380000,12.065000,12.065000,2213200,-
2020-04-15,11.490000,11.870000,11.080000,11.460000,11.460000,2578300,-
2020-04-16,11.400000,11.650000,10.835000,11.110000,11.110000,2436300,1.000901
2020-04-17,11.720000,11.920000,11.340000,11.870000,11.870000,1908200,0.983838
2020-04-20,11.520000,12.990000,11.420000,12.350000,12.350000,3303700,1.040438
2020-04-21,11.910000,12.310000,11.760000,12.010000,12.010000,2096400,-
2020-04-22,12.440000,12.805000,12.165000,12.640000,12.640000,1694600,-
2020-04-23,12.750000,13.500000,12.750000,13.110000,13.110000,2490000,1.061538
2020-04-24,13.200000,13.440000,12.670000,12.940000,12.940000,1677300,1.077435
2020-04-27,13.130000,13.630000,13.100000,13.520000,13.520000,1527700,1.044822
2020-04-28,14.000000,14.240000,13.110000,13.690000,13.690000,1869400,-
2020-04-29,14.150000,14.870000,14.030000,14.800000,14.800000,2100800,-
2020-04-30,14.400000,14.760000,14.025000,14.030000,14.030000,2195700,1.037722
2020-05-01,13.390000,13.710000,12.600000,12.960000,12.960000,2120100,0.946676
2020-05-04,12.610000,13.540000,12.430000,13.425000,13.425000,1667200,1.03588
2020-05-05,13.820000,13.990000,12.931000,13.250000,13.250000,2197000,-
2020-05-06,13.420000,14.000000,13.120000,13.870000,13.870000,2256000,-
2020-05-07,13.970000,14.290000,13.480000,13.810000,13.810000,2540100,1.028678
2020-05-08,14.430000,15.350000,14.310000,14.770000,14.770000,3356200,1.114717
2020-05-11,14.570000,15.065000,14.348000,14.560000,14.560000,2184200,0.985782
2020-05-12,14.620000,14.795000,13.950000,13.970000,13.970000,1407000,-
2020-05-13,13.790000,14.000000,13.005000,13.540000,13.540000,2047900,-
2020-05-14,13.150000,13.970000,12.650000,13.965000,13.965000,2879500,0.959135
2020-05-15,13.890000,14.210000,13.590000,14.070000,14.070000,1506900,1.007158
2020-05-18,14.740000,15.290000,14.630000,15.140000,15.140000,1784200,1.076048
2020-05-19,15.000000,15.970000,14.990000,15.510000,15.510000,2162500,-
2020-05-20,15.840000,16.480000,15.720000,15.910000,15.910000,2096900,-
2020-05-21,15.910000,16.264999,15.590000,16.070000,16.070000,1605100,1.061427
2020-05-22,16.180000,16.235001,15.755000,15.860000,15.860000,826200,1.022566
2020-05-26,16.500000,16.809999,16.190001,16.330000,16.330000,1300500,-
2020-05-27,16.770000,16.924999,15.360000,16.850000,16.850000,2280300,-
2020-05-28,17.000000,17.135000,16.320000,16.430000,16.430000,1729700,-
2020-05-29,16.190001,16.799999,15.990000,16.700001,16.700001,1249500,1.022658
2020-06-01,16.600000,17.905001,16.420000,17.670000,17.670000,1887200,1.058084
2020-06-02,17.959999,18.120001,17.639999,17.940001,17.940001,1605800,-
2020-06-03,18.240000,18.879999,17.982000,18.600000,18.600000,1289500,-
2020-06-04,18.629999,18.840000,18.030001,18.285000,18.285000,1644700,1.034805
2020-06-05,18.780001,19.379999,18.549999,18.690001,18.690001,1522200,1.041806
2020-06-08,19.000000,19.715000,18.730000,19.639999,19.639999,1440200,1.050829
2020-06-09,19.139999,19.605000,18.674999,19.330000,19.330000,1279400,-
2020-06-10,19.110001,19.219999,18.540001,18.620001,18.620001,1024500,-
2020-06-11,16.900000,17.709999,16.500000,17.165001,17.165001,1659100,0.873982
2020-06-12,17.930000,18.260000,17.299999,17.930000,17.930000,1071200,0.927574
2020-06-15,17.549999,19.120001,17.389999,18.990000,18.990000,1745800,1.059119
2020-06-16,19.750000,20.379999,19.445000,20.100000,20.100000,1985400,-
2020-06-17,20.160000,20.160000,19.180000,19.290001,19.290001,1501400,-
2020-06-18,18.680000,20.295000,18.670000,19.799999,19.799999,1501000,1.042654
2020-06-19,19.969999,20.665001,19.764999,19.895000,19.895000,2707100,0.989801
2020-06-22,19.940001,20.090000,19.690001,19.969999,19.969999,1151800,1.00377
2020-06-23,20.270000,20.379999,19.700001,19.740000,19.740000,1089700,-
2020-06-24,19.500000,19.900000,18.950001,19.719999,19.719999,1466600,-
2020-06-25,19.528000,20.049999,19.389999,19.879999,19.879999,1177000,0.995493
2020-06-26,19.780001,19.799999,18.427999,18.580000,18.580000,2316000,0.941236
2020-06-29,18.830000,19.600000,18.465000,19.520000,19.520000,1197200,1.050592
2020-06-30,19.410000,19.840000,19.190001,19.719999,19.719999,1416300,-
2020-07-01,19.719999,20.118000,19.530001,19.840000,19.840000,1148300,-
2020-07-02,20.000000,20.559999,19.889999,20.000000,20.000000,1720600,1.02459
2020-07-06,20.610001,21.695000,20.530001,21.340000,21.340000,1916900,-
2020-07-07,23.950001,27.590000,23.459999,26.170000,26.170000,19802800,-
2020-07-08,26.760000,28.400999,26.209999,28.270000,28.270000,9887400,-
2020-07-09,28.090000,28.219999,26.379999,27.830000,27.830000,6301600,1.304124
2020-07-10,27.280001,28.910000,27.150000,28.885000,28.885000,3419900,1.103745
2020-07-13,29.230000,33.270000,29.230000,30.090000,30.090000,11160800,1.041717
2020-07-14,29.200001,34.310001,28.290001,33.779999,33.779999,9602400,-
2020-07-15,34.700001,36.220001,34.180000,35.814999,35.814999,8054900,-
2020-07-16,35.680000,37.459999,34.880001,36.650002,36.650002,7122700,1.218013
2020-07-17,36.799999,37.090000,34.889999,36.810001,36.810001,5934100,1.089698
2020-07-20,36.650002,39.830002,36.480000,38.400002,38.400002,6143000,1.043195
2020-07-21,38.919998,39.820000,37.900002,38.980000,38.980000,4761400,-
2020-07-22,39.430000,41.150002,38.650002,40.349998,40.349998,5334700,-
2020-07-23,40.737999,42.799999,40.240002,42.459999,42.459999,6324500,1.105729
2020-07-24,42.000000,42.000000,38.740002,40.990002,40.990002,5182800,1.051565
2020-07-27,41.439999,43.180000,41.169998,42.500000,42.500000,4049900,1.036838
2020-07-28,41.990002,41.990002,39.509998,40.459999,40.459999,4317100,-
2020-07-29,39.060001,39.200001,35.939999,36.605000,36.605000,9539600,-
2020-07-30,37.509998,38.189999,36.299999,36.669998,36.669998,4446300,0.862823
2020-07-31,36.540001,37.410000,35.790001,36.689999,36.689999,20112500,0.906822
2020-08-03,37.180000,40.099998,36.180000,39.779999,39.779999,4222700,1.084219
2020-08-04,40.099998,43.549999,39.290001,43.540001,43.540001,5330300,-
2020-08-05,43.000000,46.680000,41.160000,46.400002,46.400002,6911800,-
2020-08-06,46.400002,48.299999,45.119999,46.529999,46.529999,4574100,1.169683
